Time,"Temp:Bigcore0_Thermal,0","Temp:Bigcore1_Thermal,0","Temp:Center_Thermal,0","Temp:Gpu_Thermal,0","Temp:Littlecore_Thermal,0","Temp:Npu_Thermal,0","Temp:Soc_Thermal,0",Frequency:Avg,Frequency:Core 0,Frequency:Core 1,Frequency:Core 2,Util:Avg,Util:Core 0,Util:Core 1,Util:Core 2,Util:Core 3,Util:Core 4,Util:Core 5,Util:Core 6,Util:Core 7
2026-03-23_04:00:41,49.9,49.9,49.9,49.0,49.9,49.9,49.9,1608.0,1800.0,816.0,2208.0,14.5,0.0,0.0,0.0,0.0,50.0,0.0,44.4,0.0
2026-03-23_04:00:41,49.0,49.0,49.0,49.0,49.0,49.0,49.0,408.0,408.0,408.0,408.0,3.4,11.1,0.0,0.0,0.0,15.4,0.0,0.0,1.9
2026-03-23_04:00:42,49.0,49.0,49.0,49.0,49.0,49.0,49.0,408.0,408.0,408.0,408.0,4.6,9.8,0.0,1.9,0.0,17.0,1.9,0.0,3.8
2026-03-23_04:00:42,49.0,49.0,48.1,49.0,49.0,49.0,49.0,408.0,408.0,408.0,408.0,3.6,10.0,0.0,0.0,1.9,15.4,0.0,0.0,3.8
2026-03-23_04:00:43,49.0,49.0,48.1,49.0,49.0,49.0,49.0,408.0,408.0,408.0,408.0,4.8,5.9,0.0,1.9,0.0,25.0,0.0,1.9,5.7
2026-03-23_04:00:43,48.1,48.1,48.1,48.1,49.0,49.0,49.0,408.0,408.0,408.0,408.0,4.5,3.8,1.9,1.9,1.9,15.7,5.7,0.0,5.8
2026-03-23_04:00:44,49.0,49.0,49.0,49.0,49.0,49.0,49.0,408.0,408.0,408.0,408.0,4.3,3.8,1.9,0.0,0.0,17.3,3.8,3.7,7.5
2026-03-23_04:00:44,48.1,49.0,48.1,48.1,49.0,49.0,49.0,408.0,408.0,408.0,408.0,4.1,3.8,0.0,0.0,0.0,17.3,1.9,0.0,5.9
2026-03-23_04:00:45,48.1,49.0,49.0,48.1,49.0,49.0,49.0,408.0,408.0,408.0,408.0,4.8,1.9,0.0,3.7,0.0,21.2,5.8,0.0,9.4
2026-03-23_04:00:45,48.1,49.0,48.1,48.1,49.0,49.0,49.0,408.0,408.0,408.0,408.0,4.3,0.0,1.9,0.0,0.0,19.2,5.8,0.0,7.7
2026-03-23_04:00:46,49.0,48.1,48.1,48.1,49.0,49.0,49.0,408.0,408.0,408.0,408.0,4.8,1.9,0.0,0.0,0.0,19.2,7.5,0.0,5.9
2026-03-23_04:00:46,49.0,49.0,49.0,49.0,49.0,49.0,49.0,408.0,408.0,408.0,408.0,4.6,0.0,1.9,0.0,0.0,18.9,3.8,1.9,7.7
2026-03-23_04:00:47,49.0,49.9,49.9,49.0,49.9,49.0,49.9,672.0,1200.0,408.0,408.0,6.2,1.9,1.9,1.9,0.0,25.0,0.0,9.3,15.4
2026-03-23_04:00:47,49.9,49.9,49.9,49.0,49.9,49.9,49.9,1016.0,1416.0,816.0,816.0,9.9,9.4,5.7,5.7,3.8,24.5,3.8,9.4,12.7
2026-03-23_04:00:48,62.8,62.8,56.4,54.5,61.0,56.4,60.1,2136.0,1800.0,2352.0,2256.0,100.0,100.0,100.0,100.0,100.0,100.0,100.0,100.0,100.0
2026-03-23_04:00:48,64.7,65.6,57.3,56.4,62.8,59.2,61.9,2136.0,1800.0,2352.0,2256.0,100.0,100.0,100.0,100.0,100.0,100.0,100.0,100.0,100.0
2026-03-23_04:00:49,66.5,66.5,58.2,57.3,64.7,60.1,63.8,2136.0,1800.0,2352.0,2256.0,100.0,100.0,100.0,100.0,100.0,100.0,100.0,100.0,100.0
2026-03-23_04:00:49,67.5,68.4,60.1,58.2,65.6,61.0,64.7,2136.0,1800.0,2352.0,2256.0,100.0,100.0,100.0,100.0,100.0,100.0,100.0,100.0,100.0
2026-03-23_04:00:50,68.4,69.3,61.0,59.2,66.5,62.8,65.6,2136.0,1800.0,2352.0,2256.0,100.0,100.0,100.0,100.0,100.0,100.0,100.0,100.0,100.0
2026-03-23_04:00:50,69.3,69.3,61.9,60.1,67.5,62.8,66.5,2136.0,1800.0,2352.0,2256.0,100.0,100.0,100.0,100.0,100.0,100.0,100.0,100.0,100.0
2026-03-23_04:00:51,70.2,70.2,61.9,61.0,68.4,63.8,67.5,2136.0,1800.0,2352.0,2256.0,100.0,100.0,100.0,100.0,100.0,100.0,100.0,100.0,100.0
2026-03-23_04:00:51,71.2,71.2,62.8,61.0,68.4,63.8,67.5,2136.0,1800.0,2352.0,2256.0,100.0,100.0,100.0,100.0,100.0,100.0,100.0,100.0,100.0
2026-03-23_04:00:52,71.2,71.2,62.8,61.9,69.3,64.7,67.5,2136.0,1800.0,2352.0,2256.0,100.0,100.0,100.0,100.0,100.0,100.0,100.0,100.0,100.0
2026-03-23_04:00:52,72.1,72.1,63.8,61.9,69.3,65.6,68.4,2136.0,1800.0,2352.0,2256.0,100.0,100.0,100.0,100.0,100.0,100.0,100.0,100.0,100.0
2026-03-23_04:00:53,72.1,73.0,63.8,62.8,70.2,65.6,69.3,2136.0,1800.0,2352.0,2256.0,100.0,100.0,100.0,100.0,100.0,100.0,100.0,100.0,100.0
2026-03-23_04:00:53,73.0,73.0,64.7,62.8,70.2,66.5,69.3,2136.0,1800.0,2352.0,2256.0,100.0,100.0,100.0,100.0,100.0,100.0,100.0,100.0,100.0
2026-03-23_04:00:54,73.0,73.0,64.7,63.8,70.2,66.5,70.2,2136.0,1800.0,2352.0,2256.0,100.0,100.0,100.0,100.0,100.0,100.0,100.0,100.0,100.0
2026-03-23_04:00:54,73.0,73.9,65.6,63.8,71.2,67.5,70.2,2136.0,1800.0,2352.0,2256.0,100.0,100.0,100.0,100.0,100.0,100.0,100.0,100.0,100.0
2026-03-23_04:00:55,73.9,73.9,65.6,64.7,71.2,67.5,70.2,2136.0,1800.0,2352.0,2256.0,100.0,100.0,100.0,100.0,100.0,100.0,100.0,100.0,100.0
2026-03-23_04:00:55,73.9,74.8,65.6,64.7,71.2,67.5,71.2,2136.0,1800.0,2352.0,2256.0,100.0,100.0,100.0,100.0,100.0,100.0,100.0,100.0,100.0
2026-03-23_04:00:56,74.8,74.8,66.5,64.7,72.1,67.5,71.2,2136.0,1800.0,2352.0,2256.0,100.0,100.0,100.0,100.0,100.0,100.0,100.0,100.0,100.0
2026-03-23_04:00:56,74.8,74.8,66.5,64.7,72.1,68.4,71.2,2136.0,1800.0,2352.0,2256.0,100.0,100.0,100.0,100.0,100.0,100.0,100.0,100.0,100.0
2026-03-23_04:00:57,75.8,75.8,66.5,65.6,73.0,68.4,72.1,2136.0,1800.0,2352.0,2256.0,100.0,100.0,100.0,100.0,100.0,100.0,100.0,100.0,100.0
2026-03-23_04:00:57,75.8,75.8,67.5,65.6,73.0,69.3,72.1,2136.0,1800.0,2352.0,2256.0,100.0,100.0,100.0,100.0,100.0,100.0,100.0,100.0,100.0
2026-03-23_04:00:58,75.8,75.8,67.5,65.6,73.0,68.4,72.1,2136.0,1800.0,2352.0,2256.0,100.0,100.0,100.0,100.0,100.0,100.0,100.0,100.0,100.0
2026-03-23_04:00:58,75.8,76.7,67.5,65.6,73.9,69.3,72.1,2136.0,1800.0,2352.0,2256.0,100.0,100.0,100.0,100.0,100.0,100.0,100.0,100.0,100.0
2026-03-23_04:00:59,75.8,76.7,67.5,66.5,73.9,69.3,73.0,2136.0,1800.0,2352.0,2256.0,100.0,100.0,100.0,100.0,100.0,100.0,100.0,100.0,100.0
2026-03-23_04:00:59,76.7,76.7,67.5,66.5,73.9,69.3,73.0,2136.0,1800.0,2352.0,2256.0,100.0,100.0,100.0,100.0,100.0,100.0,100.0,100.0,100.0
2026-03-23_04:01:00,76.7,76.7,68.4,66.5,73.9,69.3,73.0,2136.0,1800.0,2352.0,2256.0,100.0,100.0,100.0,100.0,100.0,100.0,100.0,100.0,100.0
2026-03-23_04:01:01,76.7,77.6,68.4,67.5,74.8,70.2,73.0,2136.0,1800.0,2352.0,2256.0,100.0,100.0,100.0,100.0,100.0,100.0,100.0,100.0,100.0
2026-03-23_04:01:01,77.6,77.6,68.4,67.5,74.8,70.2,73.9,2136.0,1800.0,2352.0,2256.0,100.0,100.0,100.0,100.0,100.0,100.0,100.0,100.0,100.0
2026-03-23_04:01:02,77.6,77.6,68.4,67.5,74.8,70.2,73.9,2136.0,1800.0,2352.0,2256.0,100.0,100.0,100.0,100.0,100.0,100.0,100.0,100.0,100.0
2026-03-23_04:01:02,77.6,77.6,69.3,68.4,74.8,71.2,73.9,2136.0,1800.0,2352.0,2256.0,100.0,100.0,100.0,100.0,100.0,100.0,100.0,100.0,100.0
2026-03-23_04:01:03,77.6,77.6,69.3,67.5,75.8,71.2,73.9,2136.0,1800.0,2352.0,2256.0,100.0,100.0,100.0,100.0,100.0,100.0,100.0,100.0,100.0
2026-03-23_04:01:03,77.6,77.6,69.3,68.4,75.8,71.2,74.8,2136.0,1800.0,2352.0,2256.0,100.0,100.0,100.0,100.0,100.0,100.0,100.0,100.0,100.0
2026-03-23_04:01:04,78.5,78.5,69.3,68.4,75.8,71.2,74.8,2136.0,1800.0,2352.0,2256.0,100.0,100.0,100.0,100.0,100.0,100.0,100.0,100.0,100.0
2026-03-23_04:01:04,78.5,78.5,69.3,68.4,75.8,71.2,74.8,2136.0,1800.0,2352.0,2256.0,100.0,100.0,100.0,100.0,100.0,100.0,100.0,100.0,100.0
2026-03-23_04:01:05,78.5,78.5,69.3,68.4,76.7,71.2,74.8,2136.0,1800.0,2352.0,2256.0,100.0,100.0,100.0,100.0,100.0,100.0,100.0,100.0,100.0
2026-03-23_04:01:05,79.5,79.5,70.2,69.3,76.7,72.1,75.8,2136.0,1800.0,2352.0,2256.0,100.0,100.0,100.0,100.0,100.0,100.0,100.0,100.0,100.0
2026-03-23_04:01:06,79.5,79.5,70.2,69.3,76.7,72.1,75.8,2136.0,1800.0,2352.0,2256.0,100.0,100.0,100.0,100.0,100.0,100.0,100.0,100.0,100.0
2026-03-23_04:01:06,79.5,79.5,70.2,69.3,76.7,72.1,75.8,2136.0,1800.0,2352.0,2256.0,100.0,100.0,100.0,100.0,100.0,100.0,100.0,100.0,100.0
2026-03-23_04:01:07,79.5,80.4,70.2,69.3,76.7,72.1,75.8,2136.0,1800.0,2352.0,2256.0,100.0,100.0,100.0,100.0,100.0,100.0,100.0,100.0,100.0
2026-03-23_04:01:07,80.4,80.4,71.2,69.3,77.6,73.0,76.7,2136.0,1800.0,2352.0,2256.0,100.0,100.0,100.0,100.0,100.0,100.0,100.0,100.0,100.0
2026-03-23_04:01:08,80.4,80.4,71.2,69.3,77.6,73.0,76.7,2136.0,1800.0,2352.0,2256.0,100.0,100.0,100.0,100.0,100.0,100.0,100.0,100.0,100.0
2026-03-23_04:01:08,80.4,80.4,71.2,70.2,77.6,73.0,76.7,2136.0,1800.0,2352.0,2256.0,100.0,100.0,100.0,100.0,100.0,100.0,100.0,100.0,100.0
2026-03-23_04:01:09,80.4,80.4,71.2,70.2,77.6,73.0,76.7,2136.0,1800.0,2352.0,2256.0,100.0,100.0,100.0,100.0,100.0,100.0,100.0,100.0,100.0
2026-03-23_04:01:09,80.4,80.4,71.2,70.2,77.6,73.9,77.6,2136.0,1800.0,2352.0,2256.0,100.0,100.0,100.0,100.0,100.0,100.0,100.0,100.0,100.0
2026-03-23_04:01:10,80.4,81.3,71.2,70.2,78.5,73.9,77.6,2136.0,1800.0,2352.0,2256.0,100.0,100.0,100.0,100.0,100.0,100.0,100.0,100.0,100.0
2026-03-23_04:01:10,81.3,81.3,71.2,70.2,78.5,73.9,77.6,2136.0,1800.0,2352.0,2256.0,100.0,100.0,100.0,100.0,100.0,100.0,100.0,100.0,100.0
2026-03-23_04:01:11,81.3,81.3,72.1,70.2,78.5,73.9,77.6,2136.0,1800.0,2352.0,2256.0,100.0,100.0,100.0,100.0,100.0,100.0,100.0,100.0,100.0
2026-03-23_04:01:11,81.3,81.3,72.1,71.2,78.5,73.9,77.6,2136.0,1800.0,2352.0,2256.0,100.0,100.0,100.0,100.0,100.0,100.0,100.0,100.0,100.0
2026-03-23_04:01:12,81.3,81.3,72.1,71.2,78.5,73.9,77.6,2136.0,1800.0,2352.0,2256.0,100.0,100.0,100.0,100.0,100.0,100.0,100.0,100.0,100.0
2026-03-23_04:01:12,81.3,81.3,72.1,71.2,78.5,74.8,77.6,2136.0,1800.0,2352.0,2256.0,100.0,100.0,100.0,100.0,100.0,100.0,100.0,100.0,100.0
2026-03-23_04:01:13,82.2,82.2,73.0,71.2,79.5,74.8,77.6,2136.0,1800.0,2352.0,2256.0,100.0,100.0,100.0,100.0,100.0,100.0,100.0,100.0,100.0
2026-03-23_04:01:13,82.2,82.2,73.0,71.2,79.5,74.8,78.5,2136.0,1800.0,2352.0,2256.0,100.0,100.0,100.0,100.0,100.0,100.0,100.0,100.0,100.0
2026-03-23_04:01:14,82.2,82.2,73.0,71.2,79.5,74.8,78.5,2136.0,1800.0,2352.0,2256.0,100.0,100.0,100.0,100.0,100.0,100.0,100.0,100.0,100.0
2026-03-23_04:01:14,82.2,82.2,73.0,72.1,79.5,74.8,78.5,2136.0,1800.0,2352.0,2256.0,100.0,100.0,100.0,100.0,100.0,100.0,100.0,100.0,100.0
2026-03-23_04:01:15,82.2,82.2,73.0,72.1,79.5,75.8,78.5,2136.0,1800.0,2352.0,2256.0,100.0,100.0,100.0,100.0,100.0,100.0,100.0,100.0,100.0
2026-03-23_04:01:15,83.2,83.2,73.0,72.1,80.4,75.8,78.5,2136.0,1800.0,2352.0,2256.0,100.0,100.0,100.0,100.0,100.0,100.0,100.0,100.0,100.0
2026-03-23_04:01:16,83.2,83.2,73.0,72.1,80.4,75.8,79.5,2136.0,1800.0,2352.0,2256.0,100.0,100.0,100.0,100.0,100.0,100.0,100.0,100.0,100.0
2026-03-23_04:01:16,83.2,83.2,73.9,72.1,80.4,75.8,79.5,2136.0,1800.0,2352.0,2256.0,100.0,100.0,100.0,100.0,100.0,100.0,100.0,100.0,100.0
2026-03-23_04:01:17,83.2,83.2,73.9,72.1,80.4,75.8,79.5,2136.0,1800.0,2352.0,2256.0,100.0,100.0,100.0,100.0,100.0,100.0,100.0,100.0,100.0
2026-03-23_04:01:17,83.2,83.2,73.9,73.0,80.4,75.8,79.5,2136.0,1800.0,2352.0,2256.0,100.0,100.0,100.0,100.0,100.0,100.0,100.0,100.0,100.0
2026-03-23_04:01:18,83.2,84.1,73.9,73.0,81.3,76.7,79.5,2136.0,1800.0,2352.0,2256.0,100.0,100.0,100.0,100.0,100.0,100.0,100.0,100.0,100.0
2026-03-23_04:01:18,83.2,84.1,74.8,73.0,81.3,76.7,80.4,2136.0,1800.0,2352.0,2256.0,100.0,100.0,100.0,100.0,100.0,100.0,100.0,100.0,100.0
2026-03-23_04:01:19,84.1,84.1,73.9,73.0,81.3,76.7,80.4,2136.0,1800.0,2352.0,2256.0,100.0,100.0,100.0,100.0,100.0,100.0,100.0,100.0,100.0
2026-03-23_04:01:19,84.1,84.1,74.8,73.9,81.3,76.7,80.4,2136.0,1800.0,2352.0,2256.0,100.0,100.0,100.0,100.0,100.0,100.0,100.0,100.0,100.0
2026-03-23_04:01:20,84.1,84.1,74.8,73.0,81.3,76.7,80.4,2136.0,1800.0,2352.0,2256.0,100.0,100.0,100.0,100.0,100.0,100.0,100.0,100.0,100.0
2026-03-23_04:01:20,84.1,85.0,74.8,73.9,81.3,77.6,80.4,2136.0,1800.0,2352.0,2256.0,100.0,100.0,100.0,100.0,100.0,100.0,100.0,100.0,100.0
2026-03-23_04:01:21,84.1,84.1,75.8,73.9,81.3,76.7,80.4,2008.0,1608.0,2208.0,2208.0,100.0,100.0,100.0,100.0,100.0,100.0,100.0,100.0,100.0
2026-03-23_04:01:21,84.1,84.1,74.8,73.9,81.3,76.7,80.4,2136.0,1800.0,2352.0,2256.0,100.0,100.0,100.0,100.0,100.0,100.0,100.0,100.0,100.0
2026-03-23_04:01:22,84.1,84.1,75.8,73.9,81.3,76.7,80.4,1944.0,1416.0,2208.0,2208.0,100.0,100.0,100.0,100.0,100.0,100.0,100.0,100.0,100.0
2026-03-23_04:01:22,84.1,85.0,74.8,73.9,82.2,77.6,81.3,2136.0,1800.0,2352.0,2256.0,100.0,100.0,100.0,100.0,100.0,100.0,100.0,100.0,100.0
2026-03-23_04:01:23,84.1,85.0,75.8,73.9,82.2,77.6,81.3,2136.0,1800.0,2352.0,2256.0,100.0,100.0,100.0,100.0,100.0,100.0,100.0,100.0,100.0
2026-03-23_04:01:23,85.0,85.0,75.8,73.9,82.2,77.6,81.3,2136.0,1800.0,2352.0,2256.0,100.0,100.0,100.0,100.0,100.0,100.0,100.0,100.0,100.0
2026-03-23_04:01:24,85.0,85.0,75.8,73.9,82.2,77.6,81.3,2136.0,1800.0,2352.0,2256.0,100.0,100.0,100.0,100.0,100.0,100.0,100.0,100.0,100.0
2026-03-23_04:01:24,85.0,85.0,75.8,74.8,81.3,77.6,80.4,2072.0,1608.0,2352.0,2256.0,100.0,100.0,100.0,100.0,100.0,100.0,100.0,100.0,100.0
2026-03-23_04:01:25,84.1,84.1,75.8,73.9,81.3,76.7,80.4,2072.0,1608.0,2352.0,2256.0,100.0,100.0,100.0,100.0,100.0,100.0,100.0,100.0,100.0
2026-03-23_04:01:25,84.1,85.0,75.8,73.9,81.3,76.7,80.4,2072.0,1608.0,2352.0,2256.0,100.0,100.0,100.0,100.0,100.0,100.0,100.0,100.0,100.0
2026-03-23_04:01:26,84.1,84.1,75.8,73.9,81.3,76.7,80.4,2072.0,1608.0,2352.0,2256.0,100.0,100.0,100.0,100.0,100.0,100.0,100.0,100.0,100.0
2026-03-23_04:01:26,84.1,85.0,75.8,73.9,81.3,76.7,80.4,2072.0,1608.0,2352.0,2256.0,100.0,100.0,100.0,100.0,100.0,100.0,100.0,100.0,100.0
2026-03-23_04:01:27,84.1,84.1,75.8,73.9,81.3,76.7,80.4,2072.0,1608.0,2352.0,2256.0,100.0,100.0,100.0,100.0,100.0,100.0,100.0,100.0,100.0
2026-03-23_04:01:27,85.0,85.0,75.8,74.8,82.2,77.6,81.3,2136.0,1800.0,2352.0,2256.0,100.0,100.0,100.0,100.0,100.0,100.0,100.0,100.0,100.0
2026-03-23_04:01:28,85.0,85.0,75.8,74.8,81.3,77.6,80.4,2072.0,1608.0,2352.0,2256.0,100.0,100.0,100.0,100.0,100.0,100.0,100.0,100.0,100.0
2026-03-23_04:01:28,85.0,85.0,75.8,74.8,81.3,77.6,80.4,2072.0,1608.0,2352.0,2256.0,100.0,100.0,100.0,100.0,100.0,100.0,100.0,100.0,100.0
2026-03-23_04:01:29,85.0,85.0,75.8,74.8,82.2,77.6,81.3,2072.0,1608.0,2352.0,2256.0,100.0,100.0,100.0,100.0,100.0,100.0,100.0,100.0,100.0
2026-03-23_04:01:29,85.0,85.0,75.8,74.8,82.2,77.6,81.3,2072.0,1608.0,2352.0,2256.0,100.0,100.0,100.0,100.0,100.0,100.0,100.0,100.0,100.0
2026-03-23_04:01:30,85.0,85.0,75.8,74.8,81.3,77.6,81.3,2072.0,1608.0,2352.0,2256.0,100.0,100.0,100.0,100.0,100.0,100.0,100.0,100.0,100.0
2026-03-23_04:01:30,85.0,85.0,76.7,74.8,82.2,77.6,81.3,2072.0,1608.0,2352.0,2256.0,100.0,100.0,100.0,100.0,100.0,100.0,100.0,100.0,100.0
2026-03-23_04:01:31,85.0,85.0,76.7,74.8,82.2,77.6,81.3,2072.0,1608.0,2352.0,2256.0,100.0,100.0,100.0,100.0,100.0,100.0,100.0,100.0,100.0
2026-03-23_04:01:31,85.0,85.0,76.7,74.8,82.2,77.6,81.3,2072.0,1608.0,2352.0,2256.0,100.0,100.0,100.0,100.0,100.0,100.0,100.0,100.0,100.0
2026-03-23_04:01:32,85.0,85.0,76.7,74.8,82.2,77.6,81.3,2072.0,1608.0,2352.0,2256.0,100.0,100.0,100.0,100.0,100.0,100.0,100.0,100.0,100.0
2026-03-23_04:01:32,85.0,85.0,76.7,74.8,82.2,77.6,81.3,2072.0,1608.0,2352.0,2256.0,100.0,100.0,100.0,100.0,100.0,100.0,100.0,100.0,100.0
2026-03-23_04:01:33,85.0,85.0,76.7,74.8,82.2,77.6,81.3,2072.0,1608.0,2352.0,2256.0,100.0,100.0,100.0,100.0,100.0,100.0,100.0,100.0,100.0
2026-03-23_04:01:33,85.0,85.9,76.7,75.8,82.2,78.5,81.3,2072.0,1608.0,2352.0,2256.0,100.0,100.0,100.0,100.0,100.0,100.0,100.0,100.0,100.0
2026-03-23_04:01:34,85.0,85.9,76.7,75.8,82.2,78.5,81.3,2072.0,1608.0,2352.0,2256.0,100.0,100.0,100.0,100.0,100.0,100.0,100.0,100.0,100.0
2026-03-23_04:01:34,85.0,85.0,76.7,75.8,82.2,77.6,81.3,2072.0,1608.0,2352.0,2256.0,100.0,100.0,100.0,100.0,100.0,100.0,100.0,100.0,100.0
2026-03-23_04:01:35,85.0,85.0,76.7,75.8,82.2,77.6,80.4,2008.0,1416.0,2352.0,2256.0,100.0,100.0,100.0,100.0,100.0,100.0,100.0,100.0,100.0
2026-03-23_04:01:36,85.9,85.9,76.7,75.8,83.2,78.5,81.3,2072.0,1608.0,2352.0,2256.0,100.0,100.0,100.0,100.0,100.0,100.0,100.0,100.0,100.0
2026-03-23_04:01:36,85.0,85.0,76.7,75.8,82.2,78.5,81.3,2008.0,1416.0,2352.0,2256.0,100.0,100.0,100.0,100.0,100.0,100.0,100.0,100.0,100.0
2026-03-23_04:01:37,85.0,85.0,76.7,75.8,82.2,78.5,81.3,2056.0,1608.0,2352.0,2208.0,100.0,100.0,100.0,100.0,100.0,100.0,100.0,100.0,100.0
2026-03-23_04:01:37,85.0,85.0,76.7,75.8,82.2,78.5,81.3,2008.0,1416.0,2352.0,2256.0,100.0,100.0,100.0,100.0,100.0,100.0,100.0,100.0,100.0
2026-03-23_04:01:38,85.0,85.0,76.7,75.8,82.2,78.5,81.3,2008.0,1416.0,2352.0,2256.0,100.0,100.0,100.0,100.0,100.0,100.0,100.0,100.0,100.0
2026-03-23_04:01:38,85.0,85.9,76.7,75.8,82.2,78.5,81.3,2008.0,1416.0,2352.0,2256.0,100.0,100.0,100.0,100.0,100.0,100.0,100.0,100.0,100.0
2026-03-23_04:01:39,85.0,85.0,76.7,75.8,82.2,78.5,81.3,2056.0,1608.0,2352.0,2208.0,100.0,100.0,100.0,100.0,100.0,100.0,100.0,100.0,100.0
2026-03-23_04:01:39,85.9,85.9,77.6,75.8,83.2,79.5,82.2,2072.0,1608.0,2352.0,2256.0,100.0,100.0,100.0,100.0,100.0,100.0,100.0,100.0,100.0
2026-03-23_04:01:40,85.9,85.9,77.6,76.7,83.2,78.5,82.2,2072.0,1608.0,2352.0,2256.0,100.0,100.0,100.0,100.0,100.0,100.0,100.0,100.0,100.0
2026-03-23_04:01:40,85.9,85.9,76.7,75.8,83.2,78.5,81.3,2008.0,1416.0,2352.0,2256.0,100.0,100.0,100.0,100.0,100.0,100.0,100.0,100.0,100.0
2026-03-23_04:01:41,85.0,85.9,77.6,75.8,82.2,78.5,81.3,2008.0,1416.0,2352.0,2256.0,100.0,100.0,100.0,100.0,100.0,100.0,100.0,100.0,100.0
2026-03-23_04:01:41,85.9,85.9,77.6,75.8,83.2,78.5,81.3,2008.0,1416.0,2352.0,2256.0,100.0,100.0,100.0,100.0,100.0,100.0,100.0,100.0,100.0
2026-03-23_04:01:42,85.9,85.9,77.6,76.7,83.2,78.5,81.3,2008.0,1416.0,2352.0,2256.0,100.0,100.0,100.0,100.0,100.0,100.0,100.0,100.0,100.0
2026-03-23_04:01:42,85.0,85.9,77.6,76.7,82.2,78.5,82.2,1960.0,1416.0,2208.0,2256.0,100.0,100.0,100.0,100.0,100.0,100.0,100.0,100.0,100.0
2026-03-23_04:01:43,85.9,85.9,77.6,75.8,83.2,78.5,81.3,2008.0,1416.0,2352.0,2256.0,100.0,100.0,100.0,100.0,100.0,100.0,100.0,100.0,100.0
2026-03-23_04:01:43,85.9,86.8,77.6,76.7,83.2,79.5,82.2,2008.0,1416.0,2352.0,2256.0,100.0,100.0,100.0,100.0,100.0,100.0,100.0,100.0,100.0
2026-03-23_04:01:44,85.9,86.8,77.6,76.7,83.2,78.5,82.2,2008.0,1416.0,2352.0,2256.0,100.0,100.0,100.0,100.0,100.0,100.0,100.0,100.0,100.0
2026-03-23_04:01:45,85.9,85.9,77.6,76.7,83.2,79.5,82.2,2008.0,1416.0,2352.0,2256.0,100.0,100.0,100.0,100.0,100.0,100.0,100.0,100.0,100.0
2026-03-23_04:01:45,85.9,85.9,77.6,76.7,83.2,79.5,81.3,1936.0,1200.0,2352.0,2256.0,100.0,100.0,100.0,100.0,100.0,100.0,100.0,100.0,100.0
2026-03-23_04:01:46,86.8,86.8,77.6,76.7,83.2,79.5,82.2,1960.0,1416.0,2208.0,2256.0,100.0,100.0,100.0,100.0,100.0,100.0,100.0,100.0,100.0
2026-03-23_04:01:46,86.8,86.8,77.6,76.7,83.2,79.5,83.2,2072.0,1608.0,2352.0,2256.0,100.0,100.0,100.0,100.0,100.0,100.0,100.0,100.0,100.0
2026-03-23_04:01:47,86.8,86.8,77.6,76.7,83.2,79.5,82.2,2008.0,1416.0,2352.0,2256.0,100.0,100.0,100.0,100.0,100.0,100.0,100.0,100.0,100.0
2026-03-23_04:01:47,86.8,86.8,77.6,76.7,83.2,79.5,82.2,2008.0,1416.0,2352.0,2256.0,100.0,100.0,100.0,100.0,100.0,100.0,100.0,100.0,100.0
2026-03-23_04:01:48,85.9,86.8,77.6,76.7,83.2,79.5,82.2,2008.0,1416.0,2352.0,2256.0,100.0,100.0,100.0,100.0,100.0,100.0,100.0,100.0,100.0
2026-03-23_04:01:48,86.8,86.8,78.5,76.7,83.2,79.5,82.2,1808.0,1200.0,2208.0,2016.0,100.0,100.0,100.0,100.0,100.0,100.0,100.0,100.0,100.0
2026-03-23_04:01:49,85.9,86.8,77.6,76.7,83.2,79.5,82.2,2008.0,1416.0,2352.0,2256.0,100.0,100.0,100.0,100.0,100.0,100.0,100.0,100.0,100.0
2026-03-23_04:01:49,85.0,85.0,77.6,76.7,83.2,79.5,81.3,2008.0,1416.0,2352.0,2256.0,100.0,100.0,100.0,100.0,100.0,100.0,100.0,100.0,100.0
2026-03-23_04:01:50,85.9,85.9,77.6,76.7,83.2,79.5,82.2,1960.0,1416.0,2208.0,2256.0,100.0,100.0,100.0,100.0,100.0,100.0,100.0,100.0,100.0
2026-03-23_04:01:50,86.8,86.8,78.5,76.7,83.2,79.5,82.2,1960.0,1416.0,2352.0,2256.0,100.0,100.0,100.0,100.0,100.0,100.0,100.0,100.0,100.0
2026-03-23_04:01:51,86.8,86.8,77.6,76.7,83.2,79.5,83.2,2008.0,1416.0,2352.0,2256.0,100.0,100.0,100.0,100.0,100.0,100.0,100.0,100.0,100.0
2026-03-23_04:01:51,85.9,85.9,77.6,76.7,83.2,79.5,82.2,1960.0,1416.0,2208.0,2256.0,100.0,100.0,100.0,100.0,100.0,100.0,100.0,100.0,100.0
2026-03-23_04:01:52,86.8,85.9,77.6,76.7,83.2,79.5,82.2,2008.0,1416.0,2352.0,2256.0,100.0,100.0,100.0,100.0,100.0,100.0,100.0,100.0,100.0
2026-03-23_04:01:52,85.9,86.8,78.5,76.7,83.2,79.5,82.2,1960.0,1416.0,2208.0,2256.0,100.0,100.0,100.0,100.0,100.0,100.0,100.0,100.0,100.0
2026-03-23_04:01:53,85.9,85.9,77.6,76.7,83.2,79.5,82.2,1960.0,1416.0,2208.0,2256.0,100.0,100.0,100.0,100.0,100.0,100.0,100.0,100.0,100.0
2026-03-23_04:01:54,85.9,85.9,78.5,77.6,83.2,79.5,82.2,1808.0,1200.0,2016.0,2208.0,100.0,100.0,100.0,100.0,100.0,100.0,100.0,100.0,100.0
2026-03-23_04:01:55,85.9,86.8,78.5,77.6,83.2,79.5,83.2,1960.0,1416.0,2208.0,2256.0,100.0,100.0,100.0,100.0,100.0,100.0,100.0,100.0,100.0
2026-03-23_04:01:55,85.9,86.8,78.5,77.6,83.2,79.5,82.2,2008.0,1416.0,2352.0,2256.0,100.0,100.0,100.0,100.0,100.0,100.0,100.0,100.0,100.0
2026-03-23_04:01:56,86.8,86.8,78.5,77.6,83.2,79.5,83.2,2008.0,1416.0,2352.0,2256.0,100.0,100.0,100.0,100.0,100.0,100.0,100.0,100.0,100.0
2026-03-23_04:01:56,86.8,86.8,78.5,77.6,83.2,79.5,82.2,1936.0,1200.0,2352.0,2256.0,100.0,100.0,100.0,100.0,100.0,100.0,100.0,100.0,100.0
2026-03-23_04:01:57,85.9,85.9,78.5,77.6,83.2,79.5,82.2,2008.0,1416.0,2352.0,2256.0,99.9,100.0,100.0,100.0,100.0,100.0,100.0,100.0,100.0
2026-03-23_04:01:58,86.8,86.8,78.5,77.6,83.2,80.4,82.2,1936.0,1200.0,2352.0,2256.0,100.0,100.0,100.0,100.0,100.0,100.0,100.0,100.0,100.0
2026-03-23_04:01:58,86.8,86.8,78.5,77.6,83.2,80.4,83.2,2008.0,1416.0,2352.0,2256.0,100.0,100.0,100.0,100.0,100.0,100.0,100.0,100.0,100.0
2026-03-23_04:01:59,85.9,86.8,78.5,77.6,83.2,79.5,83.2,1872.0,1200.0,2208.0,2208.0,100.0,100.0,100.0,100.0,100.0,100.0,100.0,100.0,100.0
2026-03-23_04:01:59,86.8,86.8,78.5,77.6,83.2,79.5,83.2,1960.0,1416.0,2208.0,2256.0,100.0,100.0,100.0,100.0,100.0,100.0,100.0,100.0,100.0
2026-03-23_04:02:00,86.8,86.8,78.5,77.6,83.2,80.4,82.2,1936.0,1200.0,2352.0,2256.0,100.0,100.0,100.0,100.0,100.0,100.0,100.0,100.0,100.0
2026-03-23_04:02:00,85.9,85.9,78.5,77.6,83.2,79.5,83.2,1928.0,1416.0,2352.0,2016.0,100.0,100.0,100.0,100.0,100.0,100.0,100.0,100.0,100.0
2026-03-23_04:02:01,86.8,86.8,78.5,77.6,83.2,79.5,83.2,1960.0,1416.0,2208.0,2256.0,100.0,100.0,100.0,100.0,100.0,100.0,100.0,100.0,100.0
2026-03-23_04:02:02,85.9,85.9,78.5,77.6,83.2,79.5,82.2,1896.0,1416.0,2016.0,2256.0,100.0,100.0,100.0,100.0,100.0,100.0,100.0,100.0,100.0
2026-03-23_04:02:02,85.9,85.9,78.5,77.6,83.2,80.4,82.2,1880.0,1416.0,2208.0,2016.0,100.0,100.0,100.0,100.0,100.0,100.0,100.0,100.0,100.0
2026-03-23_04:02:03,85.9,85.9,78.5,77.6,83.2,80.4,82.2,1960.0,1416.0,2208.0,2256.0,100.0,100.0,100.0,100.0,100.0,100.0,100.0,100.0,100.0
2026-03-23_04:02:03,85.9,85.9,78.5,77.6,83.2,79.5,83.2,1944.0,1416.0,2208.0,2208.0,100.0,100.0,100.0,100.0,100.0,100.0,100.0,100.0,100.0
2026-03-23_04:02:04,86.8,86.8,78.5,77.6,83.2,80.4,82.2,1960.0,1416.0,2208.0,2256.0,100.0,100.0,100.0,100.0,100.0,100.0,100.0,100.0,100.0
2026-03-23_04:02:04,86.8,86.8,78.5,77.6,84.1,80.4,83.2,1960.0,1416.0,2208.0,2256.0,100.0,100.0,100.0,100.0,100.0,100.0,100.0,100.0,100.0
2026-03-23_04:02:05,86.8,86.8,78.5,77.6,83.2,80.4,83.2,1936.0,1200.0,2352.0,2256.0,100.0,100.0,100.0,100.0,100.0,100.0,100.0,100.0,100.0
2026-03-23_04:02:05,86.8,86.8,78.5,77.6,84.1,80.4,83.2,1888.0,1200.0,2208.0,2256.0,100.0,100.0,100.0,100.0,100.0,100.0,100.0,100.0,100.0
2026-03-23_04:02:06,86.8,86.8,78.5,77.6,84.1,80.4,83.2,1960.0,1416.0,2208.0,2256.0,100.0,100.0,100.0,100.0,100.0,100.0,100.0,100.0,100.0
2026-03-23_04:02:06,86.8,86.8,78.5,77.6,84.1,80.4,83.2,1960.0,1416.0,2208.0,2256.0,100.0,100.0,100.0,100.0,100.0,100.0,100.0,100.0,100.0
2026-03-23_04:02:07,85.9,85.9,79.5,77.6,83.2,80.4,82.2,1936.0,1200.0,2352.0,2256.0,100.0,100.0,100.0,100.0,100.0,100.0,100.0,100.0,100.0
2026-03-23_04:02:07,85.0,85.0,78.5,77.6,83.2,79.5,82.2,1856.0,1416.0,2352.0,1800.0,100.0,100.0,100.0,100.0,100.0,100.0,100.0,100.0,100.0
2026-03-23_04:02:08,85.9,85.9,79.5,77.6,83.2,79.5,82.2,1928.0,1416.0,2352.0,2016.0,100.0,100.0,100.0,100.0,100.0,100.0,100.0,100.0,100.0
2026-03-23_04:02:08,85.9,85.9,78.5,77.6,83.2,79.5,82.2,1928.0,1416.0,2352.0,2016.0,100.0,100.0,100.0,100.0,100.0,100.0,100.0,100.0,100.0
2026-03-23_04:02:09,85.9,85.9,78.5,77.6,83.2,79.5,82.2,1928.0,1416.0,2352.0,2016.0,100.0,100.0,100.0,100.0,100.0,100.0,100.0,100.0,100.0
2026-03-23_04:02:09,85.9,85.9,79.5,77.6,83.2,80.4,82.2,1928.0,1416.0,2352.0,2016.0,100.0,100.0,100.0,100.0,100.0,100.0,100.0,100.0,100.0
2026-03-23_04:02:10,86.8,86.8,78.5,77.6,84.1,80.4,82.2,1872.0,1200.0,2208.0,2208.0,100.0,100.0,100.0,100.0,100.0,100.0,100.0,100.0,100.0
2026-03-23_04:02:10,85.9,85.9,79.5,77.6,83.2,80.4,83.2,1824.0,1200.0,2016.0,2256.0,100.0,100.0,100.0,100.0,100.0,100.0,100.0,100.0,100.0
2026-03-23_04:02:11,85.9,85.9,78.5,77.6,83.2,80.4,83.2,2008.0,1608.0,2208.0,2208.0,100.0,100.0,100.0,100.0,100.0,100.0,100.0,100.0,100.0
2026-03-23_04:02:11,85.9,85.9,79.5,77.6,83.2,80.4,82.2,1928.0,1416.0,2352.0,2016.0,100.0,100.0,100.0,100.0,100.0,100.0,100.0,100.0,100.0
2026-03-23_04:02:12,85.9,85.9,79.5,77.6,83.2,80.4,82.2,1992.0,1416.0,2352.0,2208.0,100.0,100.0,100.0,100.0,100.0,100.0,100.0,100.0,100.0
2026-03-23_04:02:12,86.8,86.8,79.5,77.6,84.1,80.4,83.2,1960.0,1416.0,2208.0,2256.0,100.0,100.0,100.0,100.0,100.0,100.0,100.0,100.0,100.0
2026-03-23_04:02:13,86.8,86.8,79.5,77.6,84.1,80.4,83.2,1928.0,1416.0,2352.0,2016.0,100.0,100.0,100.0,100.0,100.0,100.0,100.0,100.0,100.0
2026-03-23_04:02:13,85.9,86.8,79.5,77.6,84.1,80.4,83.2,1928.0,1416.0,2352.0,2016.0,100.0,100.0,100.0,100.0,100.0,100.0,100.0,100.0,100.0
2026-03-23_04:02:14,85.9,85.9,79.5,78.5,84.1,80.4,83.2,1992.0,1608.0,2352.0,2016.0,100.0,100.0,100.0,100.0,100.0,100.0,100.0,100.0,100.0
2026-03-23_04:02:14,85.9,85.9,79.5,78.5,84.1,80.4,83.2,1920.0,1608.0,2352.0,1800.0,100.0,100.0,100.0,100.0,100.0,100.0,100.0,100.0,100.0
2026-03-23_04:02:15,85.0,85.9,78.5,77.6,83.2,80.4,83.2,1920.0,1608.0,2352.0,1800.0,100.0,100.0,100.0,100.0,100.0,100.0,100.0,100.0,100.0
2026-03-23_04:02:15,85.0,85.9,79.5,78.5,83.2,80.4,83.2,1920.0,1608.0,2352.0,1800.0,100.0,100.0,100.0,100.0,100.0,100.0,100.0,100.0,100.0
2026-03-23_04:02:16,85.9,85.9,79.5,77.6,84.1,80.4,83.2,1920.0,1608.0,2352.0,1800.0,100.0,100.0,100.0,100.0,100.0,100.0,100.0,100.0,100.0
2026-03-23_04:02:16,85.0,85.9,79.5,77.6,83.2,80.4,83.2,1920.0,1608.0,2352.0,1800.0,100.0,100.0,100.0,100.0,100.0,100.0,100.0,100.0,100.0
2026-03-23_04:02:17,85.9,86.8,79.5,77.6,84.1,80.4,83.2,1992.0,1608.0,2352.0,2016.0,100.0,100.0,100.0,100.0,100.0,100.0,100.0,100.0,100.0
2026-03-23_04:02:17,85.9,85.9,79.5,77.6,83.2,80.4,83.2,1928.0,1416.0,2352.0,2016.0,100.0,100.0,100.0,100.0,100.0,100.0,100.0,100.0,100.0
2026-03-23_04:02:18,85.9,86.8,79.5,78.5,84.1,80.4,83.2,1736.0,1200.0,2208.0,1800.0,100.0,100.0,100.0,100.0,100.0,100.0,100.0,100.0,100.0
2026-03-23_04:02:18,85.9,85.9,79.5,77.6,83.2,80.4,83.2,1928.0,1416.0,2352.0,2016.0,100.0,100.0,100.0,100.0,100.0,100.0,100.0,100.0,100.0
2026-03-23_04:02:19,85.9,86.8,79.5,78.5,84.1,80.4,83.2,1928.0,1416.0,2352.0,2016.0,100.0,100.0,100.0,100.0,100.0,100.0,100.0,100.0,100.0
2026-03-23_04:02:19,85.9,86.8,79.5,78.5,84.1,80.4,83.2,1928.0,1416.0,2352.0,2016.0,100.0,100.0,100.0,100.0,100.0,100.0,100.0,100.0,100.0
2026-03-23_04:02:20,85.9,86.8,79.5,78.5,84.1,80.4,83.2,1856.0,1200.0,2352.0,2016.0,100.0,100.0,100.0,100.0,100.0,100.0,100.0,100.0,100.0
2026-03-23_04:02:21,86.8,86.8,79.5,78.5,84.1,80.4,83.2,1856.0,1200.0,2352.0,2016.0,100.0,100.0,100.0,100.0,100.0,100.0,100.0,100.0,100.0
2026-03-23_04:02:22,86.8,85.9,79.5,78.5,84.1,80.4,83.2,1920.0,1608.0,2352.0,1800.0,100.0,100.0,100.0,100.0,100.0,100.0,100.0,100.0,100.0
2026-03-23_04:02:23,85.9,85.9,79.5,78.5,83.2,80.4,83.2,1856.0,1416.0,2352.0,1800.0,100.0,100.0,100.0,100.0,100.0,100.0,100.0,100.0,100.0
2026-03-23_04:02:24,85.9,85.9,79.5,78.5,83.2,80.4,83.2,1808.0,1416.0,2208.0,1800.0,100.0,100.0,100.0,100.0,100.0,100.0,100.0,100.0,100.0
2026-03-23_04:02:25,86.8,86.8,79.5,78.5,84.1,80.4,83.2,1928.0,1416.0,2352.0,2016.0,100.0,100.0,100.0,100.0,100.0,100.0,100.0,100.0,100.0
2026-03-23_04:02:25,86.8,86.8,80.4,78.5,84.1,81.3,83.2,1736.0,1200.0,2208.0,1800.0,100.0,100.0,100.0,100.0,100.0,100.0,100.0,100.0,100.0
2026-03-23_04:02:26,85.9,85.9,79.5,78.5,84.1,80.4,83.2,1856.0,1416.0,2352.0,1800.0,100.0,100.0,100.0,100.0,100.0,100.0,100.0,100.0,100.0
2026-03-23_04:02:27,85.9,85.9,79.5,78.5,83.2,80.4,83.2,1856.0,1416.0,2352.0,1800.0,100.0,100.0,100.0,100.0,100.0,100.0,100.0,100.0,100.0
2026-03-23_04:02:27,85.9,85.9,79.5,78.5,83.2,80.4,83.2,1856.0,1416.0,2352.0,1800.0,100.0,100.0,100.0,100.0,100.0,100.0,100.0,100.0,100.0
2026-03-23_04:02:28,85.9,86.8,79.5,78.5,84.1,80.4,83.2,1928.0,1416.0,2352.0,2016.0,100.0,100.0,100.0,100.0,100.0,100.0,100.0,100.0,100.0
2026-03-23_04:02:28,86.8,86.8,79.5,78.5,84.1,81.3,83.2,1856.0,1200.0,2352.0,2016.0,100.0,100.0,100.0,100.0,100.0,100.0,100.0,100.0,100.0
2026-03-23_04:02:29,86.8,86.8,79.5,78.5,84.1,80.4,83.2,1856.0,1200.0,2352.0,2016.0,100.0,100.0,100.0,100.0,100.0,100.0,100.0,100.0,100.0
2026-03-23_04:02:29,86.8,86.8,79.5,78.5,84.1,81.3,83.2,1928.0,1416.0,2352.0,2016.0,100.0,100.0,100.0,100.0,100.0,100.0,100.0,100.0,100.0
2026-03-23_04:02:30,86.8,86.8,79.5,78.5,84.1,80.4,83.2,1928.0,1416.0,2352.0,2016.0,100.0,100.0,100.0,100.0,100.0,100.0,100.0,100.0,100.0
2026-03-23_04:02:30,86.8,86.8,79.5,78.5,84.1,81.3,83.2,1928.0,1416.0,2352.0,2016.0,100.0,100.0,100.0,100.0,100.0,100.0,100.0,100.0,100.0
2026-03-23_04:02:31,86.8,86.8,79.5,78.5,84.1,80.4,83.2,1856.0,1200.0,2352.0,2016.0,100.0,100.0,100.0,100.0,100.0,100.0,100.0,100.0,100.0
2026-03-23_04:02:31,85.9,85.9,80.4,78.5,84.1,80.4,83.2,1856.0,1416.0,2352.0,1800.0,100.0,100.0,100.0,100.0,100.0,100.0,100.0,100.0,100.0
2026-03-23_04:02:32,85.0,85.9,79.5,78.5,83.2,80.4,82.2,1856.0,1416.0,2352.0,1800.0,100.0,100.0,100.0,100.0,100.0,100.0,100.0,100.0,100.0
2026-03-23_04:02:32,85.9,85.9,79.5,78.5,83.2,80.4,83.2,1856.0,1416.0,2352.0,1800.0,100.0,100.0,100.0,100.0,100.0,100.0,100.0,100.0,100.0
2026-03-23_04:02:33,85.9,85.9,79.5,78.5,83.2,80.4,83.2,1856.0,1416.0,2352.0,1800.0,100.0,100.0,100.0,100.0,100.0,100.0,100.0,100.0,100.0
2026-03-23_04:02:33,85.9,85.9,79.5,78.5,83.2,80.4,83.2,1856.0,1416.0,2352.0,1800.0,100.0,100.0,100.0,100.0,100.0,100.0,100.0,100.0,100.0
2026-03-23_04:02:34,85.9,85.9,79.5,78.5,84.1,81.3,83.2,1856.0,1416.0,2352.0,1800.0,100.0,100.0,100.0,100.0,100.0,100.0,100.0,100.0,100.0
2026-03-23_04:02:34,85.9,85.9,79.5,78.5,83.2,80.4,83.2,1856.0,1416.0,2352.0,1800.0,100.0,100.0,100.0,100.0,100.0,100.0,100.0,100.0,100.0
2026-03-23_04:02:35,85.9,86.8,79.5,78.5,84.1,80.4,83.2,1928.0,1416.0,2352.0,2016.0,100.0,100.0,100.0,100.0,100.0,100.0,100.0,100.0,100.0
2026-03-23_04:02:35,85.9,86.8,80.4,78.5,84.1,81.3,83.2,1880.0,1416.0,2208.0,2016.0,100.0,100.0,100.0,100.0,100.0,100.0,100.0,100.0,100.0
2026-03-23_04:02:36,85.9,85.9,79.5,78.5,83.2,80.4,83.2,1784.0,1200.0,2352.0,1800.0,100.0,100.0,100.0,100.0,100.0,100.0,100.0,100.0,100.0
2026-03-23_04:02:36,86.8,86.8,79.5,78.5,84.1,81.3,83.2,1928.0,1416.0,2352.0,2016.0,100.0,100.0,100.0,100.0,100.0,100.0,100.0,100.0,100.0
2026-03-23_04:02:37,86.8,86.8,80.4,79.5,84.1,81.3,83.2,1928.0,1416.0,2352.0,2016.0,100.0,100.0,100.0,100.0,100.0,100.0,100.0,100.0,100.0
2026-03-23_04:02:37,85.9,85.9,80.4,78.5,84.1,81.3,83.2,1856.0,1416.0,2352.0,1800.0,100.0,100.0,100.0,100.0,100.0,100.0,100.0,100.0,100.0
2026-03-23_04:02:38,86.8,86.8,80.4,78.5,84.1,81.3,83.2,1928.0,1416.0,2352.0,2016.0,100.0,100.0,100.0,100.0,100.0,100.0,100.0,100.0,100.0
2026-03-23_04:02:39,86.8,86.8,80.4,79.5,84.1,81.3,83.2,1880.0,1416.0,2208.0,2016.0,100.0,100.0,100.0,100.0,100.0,100.0,100.0,100.0,100.0
2026-03-23_04:02:40,85.9,86.8,80.4,79.5,84.1,81.3,83.2,1856.0,1416.0,2352.0,1800.0,100.0,100.0,100.0,100.0,100.0,100.0,100.0,100.0,100.0
2026-03-23_04:02:41,85.9,86.8,80.4,79.5,84.1,81.3,83.2,1856.0,1416.0,2352.0,1800.0,100.0,100.0,100.0,100.0,100.0,100.0,100.0,100.0,100.0
2026-03-23_04:02:41,86.8,86.8,80.4,79.5,84.1,81.3,84.1,1928.0,1416.0,2352.0,2016.0,100.0,100.0,100.0,100.0,100.0,100.0,100.0,100.0,100.0
2026-03-23_04:02:42,85.9,86.8,80.4,79.5,84.1,81.3,83.2,1856.0,1416.0,2352.0,1800.0,100.0,100.0,100.0,100.0,100.0,100.0,100.0,100.0,100.0
2026-03-23_04:02:42,86.8,86.8,80.4,79.5,84.1,81.3,83.2,1928.0,1416.0,2352.0,2016.0,100.0,100.0,100.0,100.0,100.0,100.0,100.0,100.0,100.0
2026-03-23_04:02:43,86.8,86.8,80.4,79.5,84.1,81.3,83.2,1856.0,1416.0,2352.0,1800.0,100.0,100.0,100.0,100.0,100.0,100.0,100.0,100.0,100.0
2026-03-23_04:02:44,86.8,86.8,80.4,79.5,84.1,81.3,83.2,1856.0,1416.0,2352.0,1800.0,100.0,100.0,100.0,100.0,100.0,100.0,100.0,100.0,100.0
2026-03-23_04:02:45,86.8,86.8,80.4,79.5,84.1,81.3,84.1,1736.0,1200.0,2208.0,1800.0,100.0,100.0,100.0,100.0,100.0,100.0,100.0,100.0,100.0
2026-03-23_04:02:45,86.8,86.8,80.4,79.5,84.1,81.3,83.2,1856.0,1416.0,2352.0,1800.0,100.0,100.0,100.0,100.0,100.0,100.0,100.0,100.0,100.0
2026-03-23_04:02:46,85.9,86.8,80.4,79.5,84.1,81.3,83.2,1856.0,1416.0,2352.0,1800.0,100.0,100.0,100.0,100.0,100.0,100.0,100.0,100.0,100.0
2026-03-23_04:02:47,86.8,86.8,80.4,79.5,84.1,81.3,84.1,1736.0,1200.0,2208.0,1800.0,100.0,100.0,100.0,100.0,100.0,100.0,100.0,100.0,100.0
2026-03-23_04:02:47,85.9,86.8,80.4,79.5,84.1,81.3,83.2,1856.0,1416.0,2352.0,1800.0,100.0,100.0,100.0,100.0,100.0,100.0,100.0,100.0,100.0
2026-03-23_04:02:48,85.9,86.8,80.4,79.5,84.1,81.3,83.2,1856.0,1416.0,2352.0,1800.0,100.0,100.0,100.0,100.0,100.0,100.0,100.0,100.0,100.0
2026-03-23_04:02:48,85.9,85.9,80.4,79.5,84.1,81.3,83.2,1856.0,1416.0,2352.0,1800.0,100.0,100.0,100.0,100.0,100.0,100.0,100.0,100.0,100.0
2026-03-23_04:02:49,86.8,86.8,80.4,79.5,84.1,81.3,83.2,1856.0,1416.0,2352.0,1800.0,100.0,100.0,100.0,100.0,100.0,100.0,100.0,100.0,100.0
2026-03-23_04:02:49,85.9,86.8,80.4,78.5,83.2,81.3,83.2,1856.0,1416.0,2352.0,1800.0,100.0,100.0,100.0,100.0,100.0,100.0,100.0,100.0,100.0
2026-03-23_04:02:50,86.8,86.8,80.4,79.5,84.1,81.3,83.2,1856.0,1416.0,2352.0,1800.0,100.0,100.0,100.0,100.0,100.0,100.0,100.0,100.0,100.0
2026-03-23_04:02:50,85.9,85.9,80.4,79.5,84.1,81.3,83.2,1792.0,1416.0,2352.0,1608.0,100.0,100.0,100.0,100.0,100.0,100.0,100.0,100.0,100.0
2026-03-23_04:02:51,85.9,86.8,80.4,79.5,84.1,81.3,83.2,1856.0,1416.0,2352.0,1800.0,100.0,100.0,100.0,100.0,100.0,100.0,100.0,100.0,100.0
2026-03-23_04:02:51,85.9,85.9,80.4,79.5,84.1,81.3,83.2,1856.0,1416.0,2352.0,1800.0,100.0,100.0,100.0,100.0,100.0,100.0,100.0,100.0,100.0
2026-03-23_04:02:52,85.9,85.9,80.4,79.5,84.1,81.3,83.2,1792.0,1416.0,2352.0,1608.0,100.0,100.0,100.0,100.0,100.0,100.0,100.0,100.0,100.0
2026-03-23_04:02:52,85.9,86.8,80.4,79.5,84.1,81.3,83.2,1856.0,1416.0,2352.0,1800.0,100.0,100.0,100.0,100.0,100.0,100.0,100.0,100.0,100.0
2026-03-23_04:02:53,86.8,86.8,80.4,79.5,84.1,81.3,84.1,1856.0,1416.0,2352.0,1800.0,100.0,100.0,100.0,100.0,100.0,100.0,100.0,100.0,100.0
2026-03-23_04:02:53,85.9,86.8,80.4,79.5,84.1,81.3,83.2,1856.0,1416.0,2352.0,1800.0,100.0,100.0,100.0,100.0,100.0,100.0,100.0,100.0,100.0
2026-03-23_04:02:54,86.8,86.8,80.4,79.5,85.0,81.3,84.1,1920.0,1608.0,2352.0,1800.0,100.0,100.0,100.0,100.0,100.0,100.0,100.0,100.0,100.0
2026-03-23_04:02:55,85.9,86.8,80.4,79.5,84.1,81.3,83.2,1856.0,1416.0,2352.0,1800.0,100.0,100.0,100.0,100.0,100.0,100.0,100.0,100.0,100.0
2026-03-23_04:02:56,86.8,86.8,80.4,79.5,84.1,81.3,83.2,1784.0,1200.0,2352.0,1800.0,100.0,100.0,100.0,100.0,100.0,100.0,100.0,100.0,100.0
2026-03-23_04:02:56,86.8,86.8,80.4,78.5,84.1,81.3,83.2,1856.0,1416.0,2352.0,1800.0,100.0,100.0,100.0,100.0,100.0,100.0,100.0,100.0,100.0
2026-03-23_04:02:57,85.9,86.8,80.4,78.5,84.1,81.3,84.1,1856.0,1416.0,2352.0,1800.0,100.0,100.0,100.0,100.0,100.0,100.0,100.0,100.0,100.0
2026-03-23_04:02:57,86.8,86.8,80.4,79.5,84.1,81.3,84.1,1736.0,1200.0,2208.0,1800.0,100.0,100.0,100.0,100.0,100.0,100.0,100.0,100.0,100.0
2026-03-23_04:02:58,86.8,86.8,80.4,79.5,84.1,81.3,83.2,1928.0,1416.0,2352.0,2016.0,100.0,100.0,100.0,100.0,100.0,100.0,100.0,100.0,100.0
2026-03-23_04:02:58,86.8,86.8,80.4,79.5,84.1,81.3,83.2,1928.0,1416.0,2352.0,2016.0,100.0,100.0,100.0,100.0,100.0,100.0,100.0,100.0,100.0
2026-03-23_04:02:59,85.9,86.8,80.4,79.5,84.1,81.3,83.2,1856.0,1416.0,2352.0,1800.0,100.0,100.0,100.0,100.0,100.0,100.0,100.0,100.0,100.0
2026-03-23_04:02:59,86.8,86.8,80.4,79.5,84.1,81.3,83.2,1928.0,1416.0,2352.0,2016.0,100.0,100.0,100.0,100.0,100.0,100.0,100.0,100.0,100.0
2026-03-23_04:03:00,86.8,86.8,80.4,79.5,84.1,81.3,83.2,1856.0,1416.0,2352.0,1800.0,100.0,100.0,100.0,100.0,100.0,100.0,100.0,100.0,100.0
2026-03-23_04:03:00,85.9,85.9,80.4,79.5,84.1,81.3,83.2,1856.0,1416.0,2352.0,1800.0,100.0,100.0,100.0,100.0,100.0,100.0,100.0,100.0,100.0
2026-03-23_04:03:01,86.8,86.8,80.4,79.5,85.0,81.3,83.2,1928.0,1416.0,2352.0,2016.0,99.9,100.0,100.0,100.0,100.0,100.0,100.0,100.0,100.0
2026-03-23_04:03:02,86.8,86.8,80.4,79.5,84.1,81.3,83.2,1808.0,1416.0,2208.0,1800.0,100.0,100.0,100.0,100.0,100.0,100.0,100.0,100.0,100.0
2026-03-23_04:03:02,86.8,86.8,80.4,79.5,84.1,81.3,83.2,1808.0,1416.0,2352.0,1800.0,100.0,100.0,100.0,100.0,100.0,100.0,100.0,100.0,100.0
2026-03-23_04:03:03,86.8,86.8,80.4,79.5,84.1,81.3,84.1,1856.0,1416.0,2352.0,1800.0,100.0,100.0,100.0,100.0,100.0,100.0,100.0,100.0,100.0
2026-03-23_04:03:03,86.8,86.8,80.4,79.5,84.1,81.3,84.1,1856.0,1416.0,2352.0,1800.0,100.0,100.0,100.0,100.0,100.0,100.0,100.0,100.0,100.0
2026-03-23_04:03:04,86.8,86.8,81.3,79.5,84.1,81.3,84.1,1856.0,1416.0,2352.0,1800.0,100.0,100.0,100.0,100.0,100.0,100.0,100.0,100.0,100.0
2026-03-23_04:03:04,86.8,86.8,81.3,79.5,85.0,81.3,84.1,1672.0,1200.0,2208.0,1608.0,100.0,100.0,100.0,100.0,100.0,100.0,100.0,100.0,100.0
2026-03-23_04:03:05,85.9,85.9,80.4,79.5,84.1,81.3,83.2,1856.0,1416.0,2352.0,1800.0,100.0,100.0,100.0,100.0,100.0,100.0,100.0,100.0,100.0
2026-03-23_04:03:05,86.8,86.8,80.4,79.5,84.1,81.3,83.2,1856.0,1416.0,2352.0,1800.0,100.0,100.0,100.0,100.0,100.0,100.0,100.0,100.0,100.0
2026-03-23_04:03:06,85.9,86.8,80.4,79.5,84.1,81.3,83.2,1856.0,1416.0,2352.0,1800.0,100.0,100.0,100.0,100.0,100.0,100.0,100.0,100.0,100.0
2026-03-23_04:03:07,85.9,85.9,80.4,79.5,84.1,81.3,84.1,1856.0,1416.0,2352.0,1800.0,100.0,100.0,100.0,100.0,100.0,100.0,100.0,100.0,100.0
2026-03-23_04:03:07,86.8,86.8,80.4,79.5,84.1,81.3,84.1,1856.0,1416.0,2352.0,1800.0,100.0,100.0,100.0,100.0,100.0,100.0,100.0,100.0,100.0
2026-03-23_04:03:08,86.8,86.8,80.4,79.5,84.1,81.3,84.1,1856.0,1416.0,2352.0,1800.0,100.0,100.0,100.0,100.0,100.0,100.0,100.0,100.0,100.0
2026-03-23_04:03:08,85.9,85.9,81.3,80.4,84.1,81.3,83.2,1856.0,1416.0,2352.0,1800.0,100.0,100.0,100.0,100.0,100.0,100.0,100.0,100.0,100.0
2026-03-23_04:03:09,86.8,86.8,80.4,79.5,84.1,81.3,84.1,1856.0,1416.0,2352.0,1800.0,100.0,100.0,100.0,100.0,100.0,100.0,100.0,100.0,100.0
2026-03-23_04:03:09,85.9,85.9,81.3,79.5,84.1,81.3,83.2,1856.0,1416.0,2352.0,1800.0,100.0,100.0,100.0,100.0,100.0,100.0,100.0,100.0,100.0
2026-03-23_04:03:10,86.8,86.8,80.4,79.5,84.1,81.3,83.2,1856.0,1416.0,2352.0,1800.0,100.0,100.0,100.0,100.0,100.0,100.0,100.0,100.0,100.0
2026-03-23_04:03:10,85.9,86.8,80.4,79.5,84.1,81.3,84.1,1792.0,1416.0,2352.0,1608.0,100.0,100.0,100.0,100.0,100.0,100.0,100.0,100.0,100.0
2026-03-23_04:03:11,85.9,85.9,81.3,79.5,84.1,81.3,83.2,1672.0,1200.0,2208.0,1608.0,100.0,100.0,100.0,100.0,100.0,100.0,100.0,100.0,100.0
2026-03-23_04:03:11,85.9,86.8,80.4,79.5,84.1,81.3,83.2,1856.0,1416.0,2352.0,1800.0,100.0,100.0,100.0,100.0,100.0,100.0,100.0,100.0,100.0
2026-03-23_04:03:12,86.8,86.8,80.4,79.5,84.1,81.3,84.1,1856.0,1416.0,2352.0,1800.0,100.0,100.0,100.0,100.0,100.0,100.0,100.0,100.0,100.0
2026-03-23_04:03:12,85.9,85.9,80.4,79.5,84.1,81.3,84.1,1792.0,1416.0,2352.0,1608.0,100.0,100.0,100.0,100.0,100.0,100.0,100.0,100.0,100.0
2026-03-23_04:03:13,86.8,86.8,81.3,79.5,85.0,81.3,84.1,1856.0,1416.0,2352.0,1800.0,100.0,100.0,100.0,100.0,100.0,100.0,100.0,100.0,100.0
2026-03-23_04:03:13,86.8,86.8,81.3,79.5,85.0,81.3,84.1,1856.0,1416.0,2352.0,1800.0,100.0,100.0,100.0,100.0,100.0,100.0,100.0,100.0,100.0
2026-03-23_04:03:14,86.8,86.8,80.4,79.5,84.1,81.3,84.1,1792.0,1416.0,2352.0,1608.0,100.0,100.0,100.0,100.0,100.0,100.0,100.0,100.0,100.0
2026-03-23_04:03:14,85.9,85.9,80.4,79.5,84.1,81.3,84.1,1720.0,1200.0,2352.0,1608.0,100.0,100.0,100.0,100.0,100.0,100.0,100.0,100.0,100.0
2026-03-23_04:03:15,86.8,86.8,80.4,79.5,84.1,81.3,84.1,1856.0,1416.0,2352.0,1800.0,100.0,100.0,100.0,100.0,100.0,100.0,100.0,100.0,100.0
2026-03-23_04:03:15,85.9,86.8,80.4,79.5,84.1,81.3,83.2,1720.0,1200.0,2352.0,1608.0,100.0,100.0,100.0,100.0,100.0,100.0,100.0,100.0,100.0
2026-03-23_04:03:16,86.8,86.8,80.4,79.5,84.1,81.3,83.2,1736.0,1416.0,2208.0,1800.0,100.0,100.0,100.0,100.0,100.0,100.0,100.0,100.0,100.0
2026-03-23_04:03:17,86.8,86.8,80.4,79.5,85.0,81.3,84.1,1792.0,1416.0,2352.0,1608.0,100.0,100.0,100.0,100.0,100.0,100.0,100.0,100.0,100.0
2026-03-23_04:03:18,85.9,86.8,80.4,79.5,84.1,81.3,84.1,1792.0,1416.0,2352.0,1608.0,100.0,100.0,100.0,100.0,100.0,100.0,100.0,100.0,100.0
2026-03-23_04:03:19,86.8,86.8,80.4,79.5,84.1,81.3,84.1,1856.0,1416.0,2352.0,1800.0,100.0,100.0,100.0,100.0,100.0,100.0,100.0,100.0,100.0
2026-03-23_04:03:20,86.8,86.8,80.4,79.5,84.1,81.3,84.1,1856.0,1200.0,2352.0,2016.0,100.0,100.0,100.0,100.0,100.0,100.0,100.0,100.0,100.0
2026-03-23_04:03:20,86.8,86.8,80.4,79.5,84.1,81.3,84.1,1856.0,1416.0,2352.0,1800.0,100.0,100.0,100.0,100.0,100.0,100.0,100.0,100.0,100.0
2026-03-23_04:03:21,86.8,86.8,80.4,79.5,84.1,81.3,84.1,1792.0,1416.0,2352.0,1608.0,100.0,100.0,100.0,100.0,100.0,100.0,100.0,100.0,100.0
2026-03-23_04:03:21,86.8,86.8,80.4,79.5,84.1,81.3,84.1,1856.0,1416.0,2352.0,1800.0,100.0,100.0,100.0,100.0,100.0,100.0,100.0,100.0,100.0
2026-03-23_04:03:22,86.8,86.8,80.4,79.5,85.0,82.2,84.1,1792.0,1416.0,2352.0,1608.0,100.0,100.0,100.0,100.0,100.0,100.0,100.0,100.0,100.0
2026-03-23_04:03:22,85.9,86.8,80.4,79.5,84.1,81.3,83.2,1856.0,1416.0,2352.0,1800.0,100.0,100.0,100.0,100.0,100.0,100.0,100.0,100.0,100.0
2026-03-23_04:03:23,86.8,86.8,81.3,79.5,85.0,81.3,84.1,1856.0,1416.0,2352.0,1800.0,100.0,100.0,100.0,100.0,100.0,100.0,100.0,100.0,100.0
2026-03-23_04:03:23,86.8,86.8,81.3,79.5,85.0,81.3,84.1,1856.0,1416.0,2352.0,1800.0,100.0,100.0,100.0,100.0,100.0,100.0,100.0,100.0,100.0
2026-03-23_04:03:24,85.9,85.9,81.3,79.5,84.1,81.3,84.1,1856.0,1416.0,2352.0,1800.0,100.0,100.0,100.0,100.0,100.0,100.0,100.0,100.0,100.0
2026-03-23_04:03:25,86.8,86.8,81.3,80.4,84.1,82.2,84.1,1792.0,1416.0,2352.0,1608.0,100.0,100.0,100.0,100.0,100.0,100.0,100.0,100.0,100.0
2026-03-23_04:03:26,86.8,86.8,81.3,80.4,85.0,81.3,84.1,1856.0,1416.0,2352.0,1800.0,100.0,100.0,100.0,100.0,100.0,100.0,100.0,100.0,100.0
2026-03-23_04:03:27,85.9,86.8,81.3,79.5,84.1,81.3,84.1,1672.0,1200.0,2352.0,1608.0,100.0,100.0,100.0,100.0,100.0,100.0,100.0,100.0,100.0
2026-03-23_04:03:28,86.8,86.8,81.3,80.4,85.0,81.3,84.1,1672.0,1200.0,2208.0,1608.0,100.0,100.0,100.0,100.0,100.0,100.0,100.0,100.0,100.0
2026-03-23_04:03:28,85.9,85.9,81.3,80.4,84.1,82.2,84.1,1792.0,1416.0,2352.0,1608.0,100.0,100.0,100.0,100.0,100.0,100.0,100.0,100.0,100.0
2026-03-23_04:03:29,85.9,86.8,80.4,79.5,84.1,81.3,84.1,1856.0,1416.0,2352.0,1800.0,100.0,100.0,100.0,100.0,100.0,100.0,100.0,100.0,100.0
2026-03-23_04:03:29,86.8,86.8,81.3,80.4,84.1,81.3,84.1,1856.0,1416.0,2352.0,1800.0,100.0,100.0,100.0,100.0,100.0,100.0,100.0,100.0,100.0
2026-03-23_04:03:30,86.8,86.8,80.4,80.4,84.1,81.3,84.1,1792.0,1416.0,2352.0,1608.0,100.0,100.0,100.0,100.0,100.0,100.0,100.0,100.0,100.0
2026-03-23_04:03:30,86.8,86.8,81.3,80.4,84.1,81.3,84.1,1720.0,1200.0,2352.0,1608.0,100.0,100.0,100.0,100.0,100.0,100.0,100.0,100.0,100.0
2026-03-23_04:03:32,85.9,86.8,81.3,80.4,84.1,81.3,84.1,1680.0,1416.0,2352.0,1608.0,100.0,100.0,100.0,100.0,100.0,100.0,100.0,100.0,100.0
2026-03-23_04:03:33,86.8,86.8,81.3,80.4,85.0,82.2,84.1,1792.0,1416.0,2352.0,1608.0,100.0,100.0,100.0,100.0,100.0,100.0,100.0,100.0,100.0
2026-03-23_04:03:33,85.9,86.8,81.3,80.4,85.0,82.2,84.1,1792.0,1416.0,2352.0,1608.0,100.0,100.0,100.0,100.0,100.0,100.0,100.0,100.0,100.0
2026-03-23_04:03:34,85.9,86.8,81.3,79.5,84.1,82.2,84.1,1856.0,1416.0,2352.0,1800.0,100.0,100.0,100.0,100.0,100.0,100.0,100.0,100.0,100.0
2026-03-23_04:03:34,85.9,86.8,81.3,80.4,84.1,81.3,84.1,1720.0,1200.0,2352.0,1608.0,100.0,100.0,100.0,100.0,100.0,100.0,100.0,100.0,100.0
2026-03-23_04:03:35,86.8,86.8,81.3,80.4,85.0,82.2,84.1,1672.0,1200.0,2208.0,1608.0,100.0,100.0,100.0,100.0,100.0,100.0,100.0,100.0,100.0
2026-03-23_04:03:35,86.8,86.8,81.3,80.4,85.0,82.2,84.1,1792.0,1416.0,2352.0,1608.0,100.0,100.0,100.0,100.0,100.0,100.0,100.0,100.0,100.0
2026-03-23_04:03:36,86.8,86.8,81.3,80.4,84.1,81.3,84.1,1792.0,1416.0,2352.0,1608.0,100.0,100.0,100.0,100.0,100.0,100.0,100.0,100.0,100.0
2026-03-23_04:03:36,85.9,86.8,81.3,80.4,84.1,81.3,84.1,1792.0,1416.0,2352.0,1608.0,100.0,100.0,100.0,100.0,100.0,100.0,100.0,100.0,100.0
2026-03-23_04:03:37,85.9,85.9,81.3,80.4,84.1,81.3,83.2,1792.0,1416.0,2352.0,1608.0,100.0,100.0,100.0,100.0,100.0,100.0,100.0,100.0,100.0
2026-03-23_04:03:37,86.8,86.8,81.3,80.4,85.0,82.2,84.1,1792.0,1416.0,2352.0,1608.0,100.0,100.0,100.0,100.0,100.0,100.0,100.0,100.0,100.0
2026-03-23_04:03:38,86.8,86.8,81.3,80.4,85.0,81.3,84.1,1792.0,1416.0,2352.0,1608.0,100.0,100.0,100.0,100.0,100.0,100.0,100.0,100.0,100.0
2026-03-23_04:03:38,86.8,86.8,81.3,80.4,84.1,82.2,84.1,1792.0,1416.0,2352.0,1608.0,100.0,100.0,100.0,100.0,100.0,100.0,100.0,100.0,100.0
2026-03-23_04:03:39,85.9,86.8,81.3,80.4,84.1,82.2,84.1,1792.0,1416.0,2352.0,1608.0,100.0,100.0,100.0,100.0,100.0,100.0,100.0,100.0,100.0
2026-03-23_04:03:40,86.8,86.8,81.3,80.4,85.0,82.2,84.1,1792.0,1416.0,2352.0,1608.0,100.0,100.0,100.0,100.0,100.0,100.0,100.0,100.0,100.0
2026-03-23_04:03:40,86.8,86.8,81.3,80.4,85.0,82.2,84.1,1792.0,1416.0,2352.0,1608.0,100.0,100.0,100.0,100.0,100.0,100.0,100.0,100.0,100.0
2026-03-23_04:03:41,86.8,86.8,81.3,80.4,85.0,82.2,84.1,1792.0,1416.0,2352.0,1608.0,100.0,100.0,100.0,100.0,100.0,100.0,100.0,100.0,100.0
2026-03-23_04:03:41,85.9,85.9,81.3,80.4,84.1,82.2,84.1,1720.0,1200.0,2352.0,1608.0,100.0,100.0,100.0,100.0,100.0,100.0,100.0,100.0,100.0
2026-03-23_04:03:42,86.8,86.8,81.3,80.4,84.1,82.2,84.1,1792.0,1416.0,2352.0,1608.0,100.0,100.0,100.0,100.0,100.0,100.0,100.0,100.0,100.0
2026-03-23_04:03:42,86.8,86.8,81.3,80.4,85.0,82.2,84.1,1792.0,1416.0,2352.0,1608.0,100.0,100.0,100.0,100.0,100.0,100.0,100.0,100.0,100.0
2026-03-23_04:03:43,86.8,86.8,81.3,80.4,85.0,82.2,84.1,1744.0,1416.0,2208.0,1608.0,100.0,100.0,100.0,100.0,100.0,100.0,100.0,100.0,100.0
2026-03-23_04:03:44,86.8,86.8,81.3,80.4,85.0,82.2,84.1,1792.0,1416.0,2352.0,1608.0,100.0,100.0,100.0,100.0,100.0,100.0,100.0,100.0,100.0
2026-03-23_04:03:45,86.8,86.8,81.3,80.4,85.0,82.2,84.1,1792.0,1416.0,2352.0,1608.0,100.0,100.0,100.0,100.0,100.0,100.0,100.0,100.0,100.0
2026-03-23_04:03:46,86.8,86.8,81.3,80.4,85.0,81.3,84.1,1720.0,1200.0,2352.0,1608.0,100.0,100.0,100.0,100.0,100.0,100.0,100.0,100.0,100.0
2026-03-23_04:03:48,86.8,86.8,81.3,80.4,85.0,82.2,84.1,1792.0,1416.0,2352.0,1608.0,100.0,100.0,100.0,100.0,100.0,100.0,100.0,100.0,100.0
2026-03-23_04:03:48,86.8,86.8,81.3,80.4,84.1,82.2,84.1,1720.0,1200.0,2352.0,1608.0,100.0,100.0,100.0,100.0,100.0,100.0,100.0,100.0,100.0
2026-03-23_04:03:49,86.8,87.7,81.3,80.4,85.0,82.2,85.0,1856.0,1416.0,2352.0,1800.0,100.0,100.0,100.0,100.0,100.0,100.0,100.0,100.0,100.0
2026-03-23_04:03:49,86.8,86.8,81.3,80.4,85.0,82.2,84.1,1928.0,1416.0,2352.0,2016.0,100.0,100.0,100.0,100.0,100.0,100.0,100.0,100.0,100.0
2026-03-23_04:03:50,86.8,86.8,81.3,79.5,84.1,81.3,84.1,1736.0,1200.0,2208.0,1800.0,100.0,100.0,100.0,100.0,100.0,100.0,100.0,100.0,100.0
2026-03-23_04:03:50,86.8,86.8,81.3,80.4,85.0,82.2,84.1,1856.0,1416.0,2352.0,1800.0,100.0,100.0,100.0,100.0,100.0,100.0,100.0,100.0,100.0
2026-03-23_04:03:51,86.8,86.8,81.3,80.4,85.0,82.2,84.1,1792.0,1416.0,2352.0,1608.0,100.0,100.0,100.0,100.0,100.0,100.0,100.0,100.0,100.0
2026-03-23_04:03:51,86.8,86.8,81.3,80.4,85.0,82.2,84.1,1792.0,1416.0,2352.0,1608.0,100.0,100.0,100.0,100.0,100.0,100.0,100.0,100.0,100.0
2026-03-23_04:03:52,86.8,86.8,81.3,80.4,85.0,81.3,84.1,1856.0,1416.0,2352.0,1800.0,100.0,100.0,100.0,100.0,100.0,100.0,100.0,100.0,100.0
2026-03-23_04:03:52,86.8,86.8,81.3,80.4,85.0,82.2,84.1,1792.0,1416.0,2352.0,1608.0,100.0,100.0,100.0,100.0,100.0,100.0,100.0,100.0,100.0
2026-03-23_04:03:53,86.8,86.8,81.3,80.4,85.0,82.2,84.1,1792.0,1416.0,2352.0,1608.0,100.0,100.0,100.0,100.0,100.0,100.0,100.0,100.0,100.0
2026-03-23_04:03:53,86.8,86.8,81.3,80.4,85.0,82.2,84.1,1792.0,1416.0,2352.0,1608.0,100.0,100.0,100.0,100.0,100.0,100.0,100.0,100.0,100.0
2026-03-23_04:03:54,86.8,86.8,81.3,81.3,85.0,82.2,84.1,1792.0,1416.0,2352.0,1608.0,100.0,100.0,100.0,100.0,100.0,100.0,100.0,100.0,100.0
2026-03-23_04:03:54,86.8,86.8,81.3,80.4,85.0,82.2,84.1,1792.0,1416.0,2352.0,1608.0,100.0,100.0,100.0,100.0,100.0,100.0,100.0,100.0,100.0
2026-03-23_04:03:55,86.8,86.8,81.3,80.4,85.0,82.2,84.1,1792.0,1416.0,2352.0,1608.0,100.0,100.0,100.0,100.0,100.0,100.0,100.0,100.0,100.0
2026-03-23_04:03:55,86.8,86.8,81.3,80.4,85.0,82.2,85.0,1792.0,1416.0,2352.0,1608.0,100.0,100.0,100.0,100.0,100.0,100.0,100.0,100.0,100.0
2026-03-23_04:03:56,86.8,86.8,81.3,80.4,85.0,82.2,84.1,1792.0,1416.0,2352.0,1608.0,100.0,100.0,100.0,100.0,100.0,100.0,100.0,100.0,100.0
2026-03-23_04:03:56,86.8,86.8,81.3,80.4,85.0,82.2,84.1,1792.0,1416.0,2352.0,1608.0,100.0,100.0,100.0,100.0,100.0,100.0,100.0,100.0,100.0
2026-03-23_04:03:57,86.8,86.8,81.3,80.4,85.0,82.2,84.1,1608.0,1200.0,2208.0,1416.0,100.0,100.0,100.0,100.0,100.0,100.0,100.0,100.0,100.0
2026-03-23_04:03:57,86.8,86.8,81.3,80.4,85.0,82.2,84.1,1792.0,1416.0,2352.0,1608.0,100.0,100.0,100.0,100.0,100.0,100.0,100.0,100.0,100.0
2026-03-23_04:03:58,86.8,86.8,81.3,80.4,85.0,82.2,84.1,1792.0,1416.0,2352.0,1608.0,100.0,100.0,100.0,100.0,100.0,100.0,100.0,100.0,100.0
2026-03-23_04:03:59,86.8,86.8,81.3,80.4,85.0,82.2,84.1,1792.0,1416.0,2352.0,1608.0,100.0,100.0,100.0,100.0,100.0,100.0,100.0,100.0,100.0
2026-03-23_04:04:00,86.8,86.8,81.3,80.4,85.0,82.2,84.1,1856.0,1416.0,2352.0,1800.0,100.0,100.0,100.0,100.0,100.0,100.0,100.0,100.0,100.0
2026-03-23_04:04:01,86.8,86.8,81.3,80.4,85.0,82.2,84.1,1608.0,1200.0,2208.0,1416.0,100.0,100.0,100.0,100.0,100.0,100.0,100.0,100.0,100.0
2026-03-23_04:04:01,86.8,86.8,81.3,80.4,85.0,82.2,84.1,1792.0,1416.0,2352.0,1608.0,100.0,100.0,100.0,100.0,100.0,100.0,100.0,100.0,100.0
2026-03-23_04:04:02,86.8,86.8,81.3,80.4,85.0,82.2,84.1,1608.0,1200.0,2208.0,1416.0,100.0,100.0,100.0,100.0,100.0,100.0,100.0,100.0,100.0
2026-03-23_04:04:02,86.8,86.8,81.3,80.4,84.1,82.2,84.1,1720.0,1200.0,2352.0,1608.0,100.0,100.0,100.0,100.0,100.0,100.0,100.0,100.0,100.0
2026-03-23_04:04:03,86.8,86.8,81.3,80.4,85.0,82.2,84.1,1792.0,1416.0,2352.0,1608.0,100.0,100.0,100.0,100.0,100.0,100.0,100.0,100.0,100.0
2026-03-23_04:04:03,86.8,86.8,81.3,80.4,85.0,82.2,84.1,1792.0,1416.0,2352.0,1608.0,100.0,100.0,100.0,100.0,100.0,100.0,100.0,100.0,100.0
2026-03-23_04:04:04,86.8,86.8,82.2,81.3,85.0,82.2,85.0,1744.0,1416.0,2208.0,1608.0,100.0,100.0,100.0,100.0,100.0,100.0,100.0,100.0,100.0
2026-03-23_04:04:04,86.8,86.8,82.2,81.3,85.0,82.2,85.0,1856.0,1416.0,2352.0,1800.0,99.1,98.1,100.0,100.0,98.1,98.1,100.0,100.0,100.0
2026-03-23_04:04:05,78.5,79.5,78.5,77.6,79.5,78.5,78.5,608.0,1008.0,408.0,408.0,6.2,0.0,1.9,5.6,0.0,13.2,1.9,7.5,20.8
2026-03-23_04:04:05,78.5,78.5,76.7,76.7,78.5,77.6,78.5,1472.0,1800.0,408.0,2208.0,18.4,14.3,1.9,5.8,1.9,13.2,30.8,32.1,47.2
2026-03-23_04:04:06,77.6,77.6,75.8,76.7,77.6,76.7,77.6,1272.0,1800.0,408.0,1608.0,17.4,5.9,3.8,7.7,0.0,7.8,37.7,29.6,44.2
2026-03-23_04:04:06,75.8,75.8,74.8,75.8,75.8,75.8,75.8,808.0,1608.0,408.0,408.0,14.8,5.6,0.0,0.0,7.5,37.7,0.0,27.8,40.4
2026-03-23_04:04:07,76.7,76.7,74.8,74.8,76.7,75.8,76.7,1072.0,1800.0,816.0,600.0,17.3,5.7,1.9,2.0,3.9,40.0,7.8,33.3,43.4
2026-03-23_04:04:07,74.8,74.8,73.9,74.8,74.8,74.8,74.8,1072.0,1200.0,1608.0,408.0,17.0,3.8,0.0,5.9,0.0,45.1,40.0,40.4,0.0
2026-03-23_04:04:08,74.8,74.8,73.9,73.9,74.8,73.9,74.8,1072.0,1416.0,408.0,1608.0,18.5,13.0,1.8,7.4,0.0,44.4,22.2,18.9,42.3
2026-03-23_04:04:09,73.9,74.8,73.9,73.9,74.8,73.9,73.9,872.0,1800.0,408.0,408.0,15.6,7.5,3.8,5.8,5.7,9.4,30.8,43.4,20.0
2026-03-23_04:04:09,73.9,73.9,73.9,73.9,73.9,73.9,73.9,1272.0,1608.0,408.0,1800.0,16.3,3.8,0.0,0.0,3.9,37.7,7.7,46.2,22.0
2026-03-23_04:04:10,73.0,73.0,73.0,73.0,73.0,73.0,73.0,672.0,1200.0,408.0,408.0,12.6,3.8,1.9,0.0,3.8,5.9,37.7,28.3,23.6
2026-03-23_04:04:10,72.1,72.1,72.1,72.1,73.0,72.1,73.0,408.0,408.0,408.0,408.0,11.2,1.9,0.0,0.0,3.8,35.8,0.0,25.0,20.4
2026-03-23_04:04:11,73.0,73.0,72.1,72.1,73.0,73.0,73.0,1144.0,1608.0,408.0,1416.0,16.3,5.7,3.8,0.0,7.5,41.2,1.9,46.2,25.5
2026-03-23_04:04:11,72.1,72.1,71.2,71.2,72.1,72.1,72.1,408.0,408.0,408.0,408.0,11.9,1.9,1.9,1.9,5.7,35.8,1.9,24.5,20.8
2026-03-23_04:04:12,71.2,71.2,71.2,71.2,72.1,71.2,71.2,408.0,408.0,408.0,408.0,9.4,0.0,1.9,3.8,0.0,39.2,3.8,13.7,13.7
2026-03-23_04:04:12,72.1,72.1,71.2,71.2,72.1,71.2,72.1,744.0,1416.0,408.0,408.0,13.3,9.4,0.0,2.0,13.5,29.4,0.0,33.3,17.3
2026-03-23_04:04:13,71.2,71.2,71.2,71.2,72.1,71.2,71.2,1208.0,1416.0,408.0,1800.0,14.8,9.8,0.0,0.0,5.8,39.6,1.9,35.2,25.0
2026-03-23_04:04:13,71.2,71.2,71.2,71.2,71.2,71.2,71.2,744.0,1416.0,408.0,408.0,14.0,3.8,1.9,1.9,5.7,45.1,1.9,33.3,19.6
2026-03-23_04:04:14,71.2,71.2,71.2,71.2,71.2,71.2,71.2,672.0,1200.0,408.0,408.0,10.8,3.8,0.0,1.9,1.9,35.8,0.0,23.1,19.2
2026-03-23_04:04:14,71.2,71.2,70.2,70.2,71.2,71.2,71.2,744.0,1416.0,408.0,408.0,12.1,1.9,0.0,2.0,1.9,36.5,1.9,28.8,21.2
2026-03-23_04:04:15,70.2,70.2,70.2,70.2,71.2,71.2,71.2,808.0,1608.0,408.0,408.0,12.0,5.6,0.0,5.6,0.0,34.0,0.0,30.8,21.6
2026-03-23_04:04:15,70.2,70.2,70.2,70.2,70.2,70.2,70.2,408.0,408.0,408.0,408.0,8.4,1.9,0.0,0.0,1.9,40.7,0.0,11.5,13.5
2026-03-23_04:04:16,70.2,70.2,70.2,70.2,70.2,70.2,70.2,672.0,1200.0,408.0,408.0,13.1,1.9,1.9,1.9,3.8,29.4,7.7,30.8,24.5
2026-03-23_04:04:16,70.2,70.2,69.3,70.2,70.2,70.2,70.2,672.0,1200.0,408.0,408.0,10.8,5.5,0.0,1.9,3.8,1.9,35.3,22.2,17.6
2026-03-23_04:04:17,70.2,70.2,69.3,69.3,70.2,70.2,70.2,408.0,408.0,408.0,408.0,8.7,3.8,0.0,1.9,0.0,7.5,37.7,11.8,9.8
2026-03-23_04:04:17,70.2,70.2,69.3,70.2,70.2,70.2,70.2,408.0,408.0,408.0,408.0,14.6,5.7,1.9,1.9,30.8,29.4,5.9,34.6,3.9
2026-03-23_04:04:18,69.3,69.3,69.3,69.3,69.3,69.3,69.3,408.0,408.0,408.0,408.0,7.2,0.0,0.0,1.9,0.0,1.9,34.6,11.5,11.5
2026-03-23_04:04:18,69.3,69.3,69.3,69.3,69.3,69.3,69.3,672.0,1200.0,408.0,408.0,12.6,2.0,28.8,0.0,1.9,5.8,29.4,17.0,11.3
2026-03-23_04:04:19,69.3,69.3,69.3,69.3,69.3,69.3,69.3,408.0,408.0,408.0,408.0,9.6,5.6,13.2,1.9,0.0,42.3,3.7,0.0,13.5
2026-03-23_04:04:20,69.3,69.3,69.3,69.3,69.3,69.3,69.3,408.0,408.0,408.0,408.0,7.9,0.0,1.9,2.0,0.0,30.8,3.8,9.8,13.5
2026-03-23_04:04:20,69.3,69.3,69.3,68.4,69.3,69.3,69.3,672.0,1200.0,408.0,408.0,10.6,3.8,11.3,0.0,0.0,33.3,0.0,20.8,11.8
2026-03-23_04:04:21,68.4,69.3,68.4,68.4,69.3,69.3,69.3,408.0,408.0,408.0,408.0,8.2,1.9,11.8,1.9,0.0,34.0,0.0,18.5,3.8
2026-03-23_04:04:21,68.4,68.4,68.4,68.4,68.4,69.3,68.4,408.0,408.0,408.0,408.0,8.9,3.8,16.7,0.0,1.9,31.4,0.0,15.7,0.0
2026-03-23_04:04:22,68.4,68.4,68.4,68.4,68.4,68.4,69.3,408.0,408.0,408.0,408.0,9.3,7.5,7.8,1.9,0.0,37.7,0.0,15.4,1.9
2026-03-23_04:04:22,68.4,68.4,68.4,68.4,68.4,68.4,68.4,408.0,408.0,408.0,408.0,8.4,15.1,3.7,1.9,0.0,30.8,0.0,13.7,0.0
2026-03-23_04:04:23,68.4,68.4,67.5,68.4,68.4,68.4,68.4,408.0,408.0,408.0,408.0,7.9,0.0,11.5,1.9,1.9,32.7,1.9,15.4,0.0
2026-03-23_04:04:23,68.4,68.4,68.4,68.4,68.4,68.4,68.4,408.0,408.0,408.0,408.0,8.2,1.9,11.5,0.0,0.0,32.1,1.9,15.1,5.7
2026-03-23_04:04:24,68.4,68.4,68.4,68.4,68.4,68.4,68.4,408.0,408.0,408.0,408.0,8.9,2.0,1.9,0.0,1.9,34.6,3.8,9.6,15.1
2026-03-23_04:04:24,68.4,68.4,67.5,67.5,68.4,68.4,68.4,408.0,408.0,408.0,408.0,11.5,5.8,0.0,0.0,0.0,32.7,3.9,25.9,21.2
2026-03-23_04:04:25,67.5,68.4,67.5,67.5,68.4,68.4,68.4,408.0,408.0,408.0,408.0,6.5,5.6,1.9,0.0,0.0,0.0,28.8,7.8,13.2
2026-03-23_04:04:25,67.5,67.5,67.5,67.5,68.4,67.5,67.5,408.0,408.0,408.0,408.0,9.3,0.0,1.9,0.0,0.0,3.9,25.0,17.3,20.4
2026-03-23_04:04:26,67.5,67.5,67.5,67.5,67.5,67.5,67.5,408.0,408.0,408.0,408.0,7.9,3.8,3.8,0.0,0.0,30.8,1.9,13.2,11.5
2026-03-23_04:04:26,67.5,67.5,67.5,67.5,67.5,67.5,67.5,544.0,816.0,408.0,408.0,8.8,13.2,0.0,1.9,0.0,34.6,0.0,15.4,0.0
2026-03-23_04:04:27,67.5,67.5,67.5,67.5,67.5,67.5,67.5,408.0,408.0,408.0,408.0,7.7,9.8,3.8,0.0,1.9,30.2,1.9,15.4,3.8
2026-03-23_04:04:27,67.5,67.5,67.5,67.5,67.5,67.5,67.5,408.0,408.0,408.0,408.0,6.7,1.9,0.0,0.0,0.0,30.8,0.0,9.6,9.6
2026-03-23_04:04:28,67.5,67.5,67.5,67.5,67.5,67.5,67.5,408.0,408.0,408.0,408.0,6.7,0.0,1.9,1.9,1.9,26.9,0.0,11.3,9.8
2026-03-23_04:04:28,67.5,67.5,67.5,67.5,67.5,67.5,67.5,408.0,408.0,408.0,408.0,8.2,0.0,0.0,0.0,0.0,39.2,1.9,11.3,11.5
2026-03-23_04:04:29,67.5,67.5,67.5,66.5,67.5,67.5,67.5,408.0,408.0,408.0,408.0,7.0,0.0,0.0,3.7,0.0,28.8,0.0,7.8,13.0
2026-03-23_04:04:29,66.5,67.5,66.5,67.5,67.5,67.5,67.5,408.0,408.0,408.0,408.0,6.5,0.0,0.0,0.0,0.0,28.8,3.8,9.6,11.5
2026-03-23_04:04:30,67.5,67.5,66.5,66.5,67.5,67.5,67.5,408.0,408.0,408.0,408.0,7.0,3.8,1.9,0.0,0.0,28.8,0.0,9.6,9.6
2026-03-23_04:04:31,66.5,66.5,66.5,66.5,66.5,66.5,67.5,408.0,408.0,408.0,408.0,7.0,3.8,1.9,1.9,0.0,30.2,0.0,11.3,9.8
2026-03-23_04:04:31,66.5,66.5,66.5,66.5,67.5,66.5,67.5,408.0,408.0,408.0,408.0,8.2,0.0,1.9,0.0,0.0,37.7,2.0,11.3,11.3
2026-03-23_04:04:32,66.5,66.5,66.5,66.5,66.5,66.5,66.5,408.0,408.0,408.0,408.0,6.2,0.0,0.0,0.0,0.0,26.9,0.0,9.6,11.3
2026-03-23_04:04:32,66.5,66.5,66.5,66.5,66.5,66.5,66.5,408.0,408.0,408.0,408.0,6.5,3.8,0.0,0.0,0.0,28.8,1.9,7.7,9.6
2026-03-23_04:04:33,66.5,66.5,66.5,66.5,66.5,66.5,66.5,408.0,408.0,408.0,408.0,6.7,1.9,1.9,0.0,1.9,28.8,0.0,9.6,9.6
2026-03-23_04:04:33,66.5,66.5,66.5,66.5,66.5,66.5,66.5,408.0,408.0,408.0,408.0,7.0,13.5,1.9,3.8,0.0,26.4,0.0,11.8,0.0
2026-03-23_04:04:34,66.5,66.5,66.5,66.5,66.5,66.5,66.5,408.0,408.0,408.0,408.0,7.7,11.8,1.9,0.0,0.0,26.9,3.8,1.9,15.1
2026-03-23_04:04:34,66.5,66.5,65.6,66.5,66.5,66.5,66.5,408.0,408.0,408.0,408.0,7.5,0.0,1.9,1.9,0.0,34.6,0.0,9.6,11.3
2026-03-23_04:04:35,65.6,65.6,65.6,65.6,66.5,66.5,66.5,408.0,408.0,408.0,408.0,6.7,3.8,1.9,1.9,0.0,25.9,2.0,7.8,9.6
2026-03-23_04:04:35,65.6,65.6,65.6,66.5,66.5,66.5,66.5,408.0,408.0,408.0,408.0,5.8,0.0,1.9,0.0,1.9,2.0,23.1,9.4,9.8
2026-03-23_04:04:36,65.6,65.6,65.6,65.6,66.5,66.5,66.5,408.0,408.0,408.0,408.0,7.4,2.0,5.6,1.9,0.0,28.8,0.0,9.8,9.6
2026-03-23_04:04:36,65.6,65.6,65.6,65.6,66.5,65.6,65.6,408.0,408.0,408.0,408.0,7.0,5.6,1.9,0.0,1.9,26.9,1.9,9.4,13.2
2026-03-23_04:04:37,65.6,65.6,65.6,65.6,65.6,65.6,65.6,408.0,408.0,408.0,408.0,6.7,3.8,1.9,0.0,1.9,25.0,1.9,9.6,11.3
2026-03-23_04:04:37,65.6,65.6,65.6,65.6,65.6,65.6,65.6,408.0,408.0,408.0,408.0,7.0,0.0,1.9,0.0,0.0,32.1,0.0,7.7,9.4
2026-03-23_04:04:38,65.6,65.6,65.6,65.6,65.6,65.6,65.6,408.0,408.0,408.0,408.0,6.5,2.0,3.8,1.9,0.0,25.0,0.0,9.6,9.6
2026-03-23_04:04:38,65.6,65.6,65.6,65.6,65.6,65.6,65.6,408.0,408.0,408.0,408.0,6.9,3.8,3.8,0.0,1.9,27.5,0.0,9.4,9.6
2026-03-23_04:04:39,65.6,65.6,65.6,65.6,65.6,65.6,65.6,408.0,408.0,408.0,408.0,6.5,2.0,1.9,0.0,1.9,26.4,1.9,9.6,11.3
2026-03-23_04:04:39,65.6,65.6,65.6,65.6,65.6,65.6,65.6,408.0,408.0,408.0,408.0,10.6,3.8,2.0,1.9,0.0,28.0,0.0,25.5,19.2
2026-03-23_04:04:40,65.6,65.6,65.6,65.6,65.6,65.6,65.6,408.0,408.0,408.0,408.0,6.1,2.0,3.7,1.9,0.0,24.5,0.0,7.7,7.8
2026-03-23_04:04:40,65.6,65.6,64.7,65.6,65.6,65.6,65.6,408.0,408.0,408.0,408.0,7.7,1.9,1.9,0.0,0.0,34.6,1.9,9.8,13.2
2026-03-23_04:04:41,65.6,65.6,65.6,65.6,65.6,65.6,65.6,408.0,408.0,408.0,408.0,6.3,2.0,0.0,1.9,1.9,23.1,1.9,11.3,7.8
2026-03-23_04:04:42,64.7,65.6,64.7,64.7,65.6,65.6,65.6,408.0,408.0,408.0,408.0,5.8,0.0,1.9,0.0,0.0,26.9,1.9,9.6,9.4
2026-03-23_04:04:42,64.7,64.7,64.7,64.7,65.6,65.6,65.6,408.0,408.0,408.0,408.0,6.7,2.0,1.9,0.0,0.0,26.4,0.0,9.6,9.6
2026-03-23_04:04:43,64.7,64.7,64.7,64.7,65.6,64.7,65.6,408.0,408.0,408.0,408.0,6.0,1.9,1.9,0.0,1.9,23.5,0.0,9.6,11.5
2026-03-23_04:04:43,64.7,64.7,64.7,64.7,64.7,64.7,65.6,408.0,408.0,408.0,408.0,6.0,1.9,0.0,0.0,0.0,26.9,0.0,7.7,7.7
2026-03-23_04:04:44,64.7,64.7,64.7,64.7,65.6,65.6,64.7,408.0,408.0,408.0,408.0,7.4,3.8,3.8,0.0,0.0,34.0,0.0,7.8,7.7
2026-03-23_04:04:44,64.7,64.7,64.7,64.7,64.7,64.7,64.7,408.0,408.0,408.0,408.0,6.0,0.0,3.7,1.9,0.0,25.5,0.0,9.4,7.8
2026-03-23_04:04:45,64.7,64.7,64.7,64.7,64.7,64.7,64.7,408.0,408.0,408.0,408.0,6.9,1.9,1.9,0.0,1.9,26.9,3.8,11.3,11.3
2026-03-23_04:04:45,64.7,64.7,64.7,64.7,64.7,64.7,64.7,408.0,408.0,408.0,408.0,6.7,3.8,0.0,3.7,0.0,26.9,0.0,11.5,9.6
2026-03-23_04:04:46,64.7,64.7,64.7,64.7,64.7,64.7,64.7,408.0,408.0,408.0,408.0,5.3,0.0,0.0,0.0,0.0,24.5,0.0,7.7,7.7
2026-03-23_04:04:46,64.7,64.7,64.7,64.7,64.7,64.7,64.7,544.0,816.0,408.0,408.0,7.0,10.0,1.9,0.0,0.0,26.9,0.0,13.5,1.9
2026-03-23_04:04:47,63.8,63.8,63.8,64.7,64.7,64.7,64.7,408.0,408.0,408.0,408.0,5.8,1.9,0.0,0.0,1.9,23.1,0.0,7.7,13.0
2026-03-23_04:04:47,63.8,63.8,63.8,63.8,64.7,64.7,64.7,408.0,408.0,408.0,408.0,7.0,0.0,9.6,0.0,1.9,32.7,0.0,11.8,0.0
2026-03-23_04:04:48,63.8,64.7,63.8,64.7,63.8,64.7,64.7,408.0,408.0,408.0,408.0,6.7,0.0,13.2,1.9,0.0,25.0,0.0,11.5,0.0
2026-03-23_04:04:48,63.8,64.7,63.8,63.8,64.7,64.7,64.7,408.0,408.0,408.0,408.0,6.5,2.0,0.0,1.9,0.0,23.5,2.0,11.3,11.3
2026-03-23_04:04:49,63.8,63.8,63.8,63.8,64.7,63.8,63.8,408.0,408.0,408.0,408.0,6.5,3.8,3.8,1.9,1.9,25.9,1.9,7.8,11.3
2026-03-23_04:04:49,63.8,63.8,63.8,63.8,63.8,63.8,63.8,408.0,408.0,408.0,408.0,6.3,0.0,11.5,0.0,0.0,23.5,0.0,11.5,0.0
2026-03-23_04:04:50,63.8,63.8,63.8,63.8,63.8,63.8,63.8,408.0,408.0,408.0,408.0,6.7,3.8,9.8,0.0,1.9,23.1,0.0,11.8,0.0
2026-03-23_04:04:50,63.8,63.8,63.8,63.8,63.8,63.8,63.8,408.0,408.0,408.0,408.0,8.0,0.0,9.6,1.9,0.0,34.6,0.0,15.4,1.9
2026-03-23_04:04:51,63.8,63.8,63.8,63.8,63.8,63.8,63.8,408.0,408.0,408.0,408.0,5.8,0.0,11.5,3.8,0.0,0.0,1.9,30.8,0.0
2026-03-23_04:04:51,63.8,63.8,63.8,63.8,63.8,63.8,63.8,408.0,408.0,408.0,408.0,5.8,0.0,9.6,0.0,0.0,1.9,0.0,31.4,0.0
2026-03-23_04:04:52,63.8,63.8,63.8,63.8,63.8,63.8,63.8,408.0,408.0,408.0,408.0,5.8,3.8,11.5,0.0,0.0,0.0,0.0,30.2,1.9
2026-03-23_04:04:53,63.8,63.8,63.8,63.8,63.8,63.8,63.8,408.0,408.0,408.0,408.0,6.2,0.0,11.3,1.9,0.0,1.9,0.0,29.4,1.9
2026-03-23_04:04:53,63.8,63.8,63.8,63.8,63.8,63.8,63.8,408.0,408.0,408.0,408.0,6.2,5.7,11.5,1.9,0.0,1.9,1.9,30.2,1.9
2026-03-23_04:04:54,63.8,63.8,63.8,63.8,63.8,63.8,63.8,408.0,408.0,408.0,408.0,7.0,15.1,9.8,0.0,0.0,0.0,0.0,26.9,0.0
2026-03-23_04:04:54,63.8,63.8,63.8,63.8,63.8,63.8,63.8,408.0,408.0,408.0,408.0,10.4,2.0,18.9,1.9,0.0,9.6,2.0,34.6,15.4
2026-03-23_04:04:55,63.8,63.8,63.8,63.8,63.8,63.8,63.8,408.0,408.0,408.0,408.0,6.7,1.9,11.3,0.0,0.0,23.5,0.0,13.2,0.0
2026-03-23_04:04:55,63.8,63.8,63.8,63.8,63.8,63.8,63.8,408.0,408.0,408.0,408.0,6.8,0.0,9.8,3.8,1.9,28.3,0.0,15.1,0.0
2026-03-23_04:04:56,63.8,63.8,63.8,63.8,63.8,63.8,63.8,408.0,408.0,408.0,408.0,7.2,1.9,11.3,0.0,0.0,25.0,0.0,11.8,0.0
2026-03-23_04:04:56,63.8,63.8,62.8,63.8,63.8,63.8,63.8,408.0,408.0,408.0,408.0,7.2,3.8,11.8,0.0,0.0,25.0,1.9,11.3,3.7
2026-03-23_04:04:57,62.8,62.8,62.8,62.8,63.8,63.8,63.8,408.0,408.0,408.0,408.0,7.9,20.0,0.0,1.9,0.0,26.4,1.9,3.8,9.6
2026-03-23_04:04:57,62.8,62.8,63.8,62.8,63.8,63.8,62.8,408.0,408.0,408.0,408.0,6.3,1.9,11.3,1.9,0.0,25.5,1.9,11.5,0.0
2026-03-23_04:04:58,62.8,63.8,62.8,62.8,63.8,63.8,63.8,408.0,408.0,408.0,408.0,8.6,1.9,11.3,0.0,1.9,36.5,3.8,13.2,0.0
2026-03-23_04:04:58,62.8,62.8,62.8,62.8,63.8,62.8,62.8,408.0,408.0,408.0,408.0,6.2,0.0,0.0,0.0,0.0,25.0,0.0,9.6,11.3
2026-03-23_04:04:59,62.8,62.8,62.8,62.8,63.8,62.8,62.8,408.0,408.0,408.0,408.0,6.5,7.4,1.9,1.9,1.9,27.5,0.0,7.7,9.6
2026-03-23_04:04:59,62.8,63.8,62.8,62.8,63.8,63.8,63.8,408.0,408.0,408.0,408.0,7.2,0.0,9.8,0.0,3.8,29.6,0.0,13.5,0.0
2026-03-23_04:05:00,62.8,62.8,62.8,62.8,63.8,62.8,63.8,408.0,408.0,408.0,408.0,6.9,0.0,9.6,0.0,0.0,26.9,3.7,0.0,9.6
2026-03-23_04:05:00,62.8,62.8,62.8,62.8,62.8,62.8,62.8,408.0,408.0,408.0,408.0,6.3,3.8,11.3,0.0,0.0,24.5,1.9,0.0,11.5
2026-03-23_04:05:01,62.8,62.8,62.8,62.8,62.8,62.8,62.8,408.0,408.0,408.0,408.0,7.0,1.9,9.8,0.0,3.8,23.5,0.0,1.9,13.5
2026-03-23_04:05:01,62.8,62.8,62.8,62.8,62.8,62.8,62.8,408.0,408.0,408.0,408.0,8.2,1.9,9.6,0.0,0.0,37.7,1.9,0.0,14.8
2026-03-23_04:05:02,62.8,62.8,62.8,62.8,62.8,62.8,62.8,408.0,408.0,408.0,408.0,7.2,3.8,11.5,0.0,0.0,26.9,0.0,0.0,15.4
2026-03-23_04:05:02,62.8,62.8,62.8,62.8,62.8,62.8,62.8,408.0,408.0,408.0,408.0,8.4,3.8,16.4,1.9,0.0,26.9,0.0,0.0,13.5
2026-03-23_04:05:03,62.8,62.8,62.8,62.8,62.8,62.8,62.8,408.0,408.0,408.0,408.0,7.2,1.9,9.8,1.9,3.8,28.3,0.0,0.0,11.5
2026-03-23_04:05:04,62.8,62.8,62.8,62.8,62.8,62.8,62.8,408.0,408.0,408.0,408.0,7.0,3.8,11.5,0.0,1.9,25.5,1.9,0.0,13.2
2026-03-23_04:05:04,62.8,62.8,61.9,62.8,62.8,62.8,62.8,408.0,408.0,408.0,408.0,8.6,7.5,13.0,3.8,0.0,28.3,0.0,1.9,11.5
2026-03-23_04:05:05,62.8,62.8,62.8,62.8,62.8,62.8,62.8,472.0,600.0,408.0,408.0,11.0,3.8,1.9,22.6,5.6,26.9,0.0,3.9,26.9
2026-03-23_04:05:05,62.8,62.8,62.8,62.8,62.8,62.8,62.8,408.0,408.0,408.0,408.0,7.5,3.8,9.8,0.0,0.0,0.0,0.0,34.0,7.7
2026-03-23_04:05:06,62.8,62.8,61.9,62.8,62.8,62.8,62.8,408.0,408.0,408.0,408.0,7.2,1.9,11.5,1.9,0.0,28.8,1.9,0.0,13.2
2026-03-23_04:05:06,61.9,61.9,61.9,61.9,62.8,62.8,62.8,408.0,408.0,408.0,408.0,7.0,5.7,0.0,0.0,1.9,35.8,0.0,1.9,7.8
2026-03-23_04:05:07,61.9,61.9,61.9,61.9,62.8,62.8,62.8,408.0,408.0,408.0,408.0,5.3,0.0,0.0,0.0,1.9,32.7,0.0,0.0,11.1
2026-03-23_04:05:07,61.9,61.9,61.9,61.9,62.8,61.9,62.8,408.0,408.0,408.0,408.0,7.9,17.3,3.8,3.7,3.7,25.0,3.8,0.0,7.8
2026-03-23_04:05:08,61.9,61.9,61.9,61.9,62.8,61.9,62.8,408.0,408.0,408.0,408.0,6.0,0.0,0.0,0.0,0.0,25.0,9.8,0.0,9.6
2026-03-23_04:05:08,61.9,61.9,61.9,61.9,61.9,61.9,61.9,408.0,408.0,408.0,408.0,6.5,3.8,0.0,0.0,0.0,25.0,9.4,1.9,9.6
2026-03-23_04:05:09,61.9,61.9,61.9,61.9,62.8,61.9,61.9,408.0,408.0,408.0,408.0,8.2,3.8,0.0,0.0,1.9,35.8,15.1,1.9,9.4
2026-03-23_04:05:09,61.9,61.9,61.9,61.9,61.9,61.9,61.9,408.0,408.0,408.0,408.0,6.5,2.0,1.9,1.9,3.7,25.5,5.8,0.0,9.6
2026-03-23_04:05:10,61.9,61.9,61.9,61.9,61.9,61.9,61.9,408.0,408.0,408.0,408.0,6.0,0.0,0.0,0.0,3.8,25.0,7.8,0.0,9.6
2026-03-23_04:05:10,61.9,61.9,61.9,61.9,61.9,61.9,62.8,408.0,408.0,408.0,408.0,6.0,5.7,1.9,0.0,0.0,26.9,7.5,0.0,9.4
2026-03-23_04:05:11,61.9,61.9,61.9,61.9,61.9,61.9,61.9,408.0,408.0,408.0,408.0,6.2,0.0,1.9,0.0,0.0,28.3,7.7,0.0,7.8
2026-03-23_04:05:11,61.9,61.9,61.9,61.9,61.9,61.9,61.9,408.0,408.0,408.0,408.0,6.3,2.0,1.9,0.0,1.9,23.5,11.3,1.9,9.6
2026-03-23_04:05:12,61.9,61.9,61.9,61.9,61.9,61.9,61.9,408.0,408.0,408.0,408.0,6.5,1.9,0.0,1.9,0.0,28.3,0.0,9.6,9.6
2026-03-23_04:05:12,61.9,61.9,61.9,61.9,61.9,61.9,61.9,408.0,408.0,408.0,408.0,7.2,2.0,0.0,0.0,0.0,35.8,0.0,9.4,9.6
2026-03-23_04:05:13,61.9,61.9,61.9,61.9,61.9,61.9,61.9,408.0,408.0,408.0,408.0,7.2,0.0,13.5,1.9,3.8,26.9,1.9,11.8,0.0
2026-03-23_04:05:13,61.9,61.9,61.9,61.9,61.9,61.9,61.9,408.0,408.0,408.0,408.0,6.3,0.0,11.5,0.0,0.0,26.4,0.0,9.8,0.0
2026-03-23_04:05:14,61.9,61.9,61.9,61.9,61.9,61.9,61.9,408.0,408.0,408.0,408.0,7.7,5.7,9.8,0.0,1.9,25.5,0.0,13.2,1.9
2026-03-23_04:05:14,61.9,61.9,61.9,61.9,61.9,61.9,61.9,408.0,408.0,408.0,408.0,6.5,2.0,11.3,0.0,3.8,25.0,0.0,11.5,0.0
2026-03-23_04:05:15,61.9,61.9,61.9,61.9,61.9,61.9,61.9,408.0,408.0,408.0,408.0,7.6,3.8,11.3,0.0,3.7,27.8,1.9,15.1,1.9
2026-03-23_04:05:16,61.9,61.9,61.9,61.9,61.9,61.9,61.9,408.0,408.0,408.0,408.0,7.0,1.9,11.5,3.8,1.9,23.5,0.0,11.5,0.0
2026-03-23_04:05:16,61.9,61.9,61.9,61.9,61.9,61.9,61.9,408.0,408.0,408.0,408.0,8.2,0.0,16.4,0.0,0.0,35.3,0.0,11.5,0.0
2026-03-23_04:05:17,61.9,61.9,61.9,61.0,61.9,61.9,61.9,408.0,408.0,408.0,408.0,7.2,3.8,7.8,1.9,0.0,26.4,0.0,15.1,1.9
2026-03-23_04:05:17,61.0,61.9,61.9,61.9,61.9,61.9,61.9,408.0,408.0,408.0,408.0,7.4,1.9,11.5,0.0,3.8,26.9,0.0,13.5,3.7
2026-03-23_04:05:18,61.9,61.9,61.0,61.9,61.9,61.9,61.9,408.0,408.0,408.0,408.0,7.0,2.0,11.8,0.0,1.9,26.9,0.0,11.8,0.0
2026-03-23_04:05:18,61.9,61.9,61.9,61.9,61.9,61.9,61.9,408.0,408.0,408.0,408.0,7.2,2.0,11.5,1.9,0.0,26.4,1.9,13.2,1.9
2026-03-23_04:05:19,61.9,61.9,61.0,61.9,61.9,61.9,61.9,408.0,408.0,408.0,408.0,6.7,1.9,13.2,0.0,0.0,25.0,0.0,13.5,1.9
2026-03-23_04:05:19,61.9,61.0,61.0,61.9,61.9,61.9,61.9,408.0,408.0,408.0,408.0,7.0,2.0,9.8,1.9,0.0,25.5,0.0,13.5,0.0
2026-03-23_04:05:20,61.9,61.0,61.9,61.0,61.9,61.9,61.0,408.0,408.0,408.0,408.0,7.9,0.0,7.7,1.9,1.9,32.7,1.9,15.1,1.9
2026-03-23_04:05:20,61.0,61.0,61.0,61.0,61.9,61.9,61.9,408.0,408.0,408.0,408.0,7.2,3.8,11.5,0.0,3.8,26.9,0.0,11.5,0.0
2026-03-23_04:05:21,61.0,61.0,61.0,61.0,61.9,61.0,61.9,408.0,408.0,408.0,408.0,6.3,0.0,1.9,1.9,1.9,26.9,0.0,9.6,9.6
2026-03-23_04:05:21,61.0,61.0,61.0,61.0,61.9,61.0,61.0,408.0,408.0,408.0,408.0,6.0,0.0,0.0,0.0,3.8,27.5,0.0,9.4,9.6
2026-03-23_04:05:22,61.0,61.0,61.0,61.0,61.9,61.9,61.9,408.0,408.0,408.0,408.0,6.7,0.0,0.0,1.9,1.9,26.9,0.0,9.6,9.6
2026-03-23_04:05:22,61.0,61.0,61.0,61.0,61.9,61.9,61.0,408.0,408.0,408.0,408.0,5.8,2.0,1.9,0.0,0.0,23.1,0.0,9.6,9.6
2026-03-23_04:05:23,61.0,61.0,61.0,61.0,61.9,61.9,61.0,408.0,408.0,408.0,408.0,6.0,0.0,1.9,0.0,1.9,28.3,0.0,7.7,7.7
2026-03-23_04:05:23,61.0,61.0,61.0,61.0,61.0,61.0,61.9,408.0,408.0,408.0,408.0,6.5,3.8,0.0,1.9,0.0,26.4,0.0,9.6,13.0
2026-03-23_04:05:24,61.0,61.0,61.0,61.0,61.9,61.0,61.0,408.0,408.0,408.0,408.0,7.0,2.0,3.8,0.0,1.9,31.4,0.0,9.4,7.8
2026-03-23_04:05:24,61.0,61.0,61.0,61.0,61.0,61.0,61.0,408.0,408.0,408.0,408.0,6.2,3.8,0.0,0.0,0.0,25.0,0.0,7.7,9.6
2026-03-23_04:05:25,61.0,61.0,61.0,61.0,61.0,61.0,61.0,408.0,408.0,408.0,408.0,7.0,1.9,9.8,1.9,1.9,26.9,0.0,11.8,1.9
2026-03-23_04:05:25,61.0,61.0,61.0,61.0,61.0,61.0,61.0,408.0,408.0,408.0,408.0,7.2,2.0,11.3,0.0,1.9,26.4,0.0,13.2,0.0
2026-03-23_04:05:26,61.0,61.0,61.0,61.0,61.0,61.0,61.0,408.0,408.0,408.0,408.0,6.5,2.0,13.2,1.9,0.0,23.5,1.9,11.5,0.0
2026-03-23_04:05:27,61.0,61.0,61.0,61.0,61.0,61.0,61.0,408.0,408.0,408.0,408.0,6.5,0.0,9.8,0.0,1.9,23.1,1.9,11.8,1.9
2026-03-23_04:05:27,61.0,61.0,61.0,61.0,61.0,61.0,61.0,408.0,408.0,408.0,408.0,6.3,0.0,9.6,0.0,1.9,26.9,0.0,13.2,0.0
2026-03-23_04:05:28,61.0,61.0,61.0,61.0,61.0,61.0,61.0,408.0,408.0,408.0,408.0,7.7,3.8,9.6,0.0,1.9,32.7,0.0,15.1,0.0
2026-03-23_04:05:28,61.0,61.0,61.0,61.0,61.0,61.0,61.0,408.0,408.0,408.0,408.0,6.1,11.8,0.0,1.9,0.0,25.5,0.0,9.8,0.0
2026-03-23_04:05:29,60.1,61.0,60.1,61.0,61.0,61.0,61.0,408.0,408.0,408.0,408.0,6.3,3.8,0.0,1.9,0.0,23.5,1.9,7.8,7.7
2026-03-23_04:05:29,61.0,61.0,60.1,61.0,61.0,61.0,61.0,408.0,408.0,408.0,408.0,6.7,2.0,0.0,1.9,1.9,26.4,1.9,9.6,11.3
2026-03-23_04:05:30,61.0,61.0,60.1,61.0,61.0,61.0,61.0,408.0,408.0,408.0,408.0,6.0,0.0,0.0,0.0,0.0,26.9,0.0,9.4,9.6
2026-03-23_04:05:30,60.1,61.0,60.1,61.0,61.0,60.1,61.0,408.0,408.0,408.0,408.0,5.8,0.0,1.9,3.8,3.8,24.5,0.0,7.7,7.7
2026-03-23_04:05:31,60.1,60.1,60.1,60.1,61.0,60.1,61.0,408.0,408.0,408.0,408.0,5.5,1.9,0.0,1.9,0.0,23.5,1.9,5.9,7.8
2026-03-23_04:05:31,60.1,61.0,60.1,60.1,61.0,61.0,61.0,408.0,408.0,408.0,408.0,8.1,5.7,1.9,1.9,3.8,30.8,2.0,9.6,9.6
2026-03-23_04:05:32,60.1,61.0,60.1,60.1,61.0,61.0,61.0,408.0,408.0,408.0,408.0,6.7,1.9,0.0,1.9,1.9,1.9,26.4,11.1,9.6
2026-03-23_04:05:32,60.1,60.1,60.1,60.1,61.0,60.1,61.0,408.0,408.0,408.0,408.0,6.5,5.6,0.0,0.0,1.9,0.0,26.9,7.7,9.4
2026-03-23_04:05:33,60.1,60.1,60.1,60.1,61.0,60.1,60.1,408.0,408.0,408.0,408.0,6.7,3.8,0.0,0.0,0.0,0.0,26.4,9.6,9.6
2026-03-23_04:05:33,60.1,60.1,60.1,60.1,60.1,60.1,60.1,408.0,408.0,408.0,408.0,6.7,7.3,1.9,0.0,3.8,0.0,23.5,9.4,9.6
2026-03-23_04:05:34,60.1,60.1,60.1,60.1,60.1,60.1,60.1,408.0,408.0,408.0,408.0,6.0,0.0,0.0,1.9,1.9,0.0,25.0,9.6,7.8
2026-03-23_04:05:34,60.1,60.1,60.1,60.1,60.1,60.1,60.1,408.0,408.0,408.0,408.0,5.3,0.0,0.0,2.0,0.0,0.0,22.6,9.4,9.6
2026-03-23_04:05:35,60.1,60.1,60.1,60.1,60.1,60.1,60.1,408.0,408.0,408.0,408.0,7.2,1.9,1.9,0.0,1.9,0.0,34.6,9.4,7.7
2026-03-23_04:05:35,60.1,60.1,60.1,60.1,60.1,60.1,60.1,408.0,408.0,408.0,408.0,6.2,0.0,1.9,0.0,0.0,0.0,25.0,7.7,9.6
2026-03-23_04:05:36,60.1,60.1,60.1,60.1,60.1,60.1,60.1,408.0,408.0,408.0,408.0,5.3,3.8,1.9,0.0,0.0,1.9,21.2,7.7,11.3
2026-03-23_04:05:36,60.1,60.1,60.1,60.1,60.1,60.1,60.1,408.0,408.0,408.0,408.0,6.5,0.0,0.0,1.9,1.9,1.9,24.5,9.6,11.1
2026-03-23_04:05:37,60.1,60.1,60.1,60.1,60.1,60.1,60.1,408.0,408.0,408.0,408.0,5.6,0.0,1.9,0.0,1.9,1.9,23.5,7.7,9.6
2026-03-23_04:05:38,60.1,60.1,60.1,60.1,60.1,60.1,60.1,408.0,408.0,408.0,408.0,5.3,1.9,0.0,0.0,0.0,0.0,21.2,9.4,7.8
2026-03-23_04:05:38,60.1,60.1,60.1,60.1,60.1,60.1,60.1,408.0,408.0,408.0,408.0,6.3,0.0,0.0,1.9,1.9,0.0,30.2,9.6,11.3
2026-03-23_04:05:39,60.1,60.1,60.1,60.1,60.1,60.1,60.1,408.0,408.0,408.0,408.0,6.3,0.0,0.0,0.0,1.9,0.0,25.0,9.6,9.6
2026-03-23_04:05:39,60.1,60.1,60.1,60.1,60.1,60.1,60.1,408.0,408.0,408.0,408.0,7.0,1.9,0.0,0.0,1.9,0.0,30.8,9.4,9.6
2026-03-23_04:05:40,60.1,60.1,60.1,60.1,60.1,60.1,60.1,408.0,408.0,408.0,408.0,6.0,1.9,0.0,0.0,0.0,0.0,26.9,7.7,7.7
2026-03-23_04:05:40,60.1,60.1,60.1,60.1,60.1,60.1,60.1,408.0,408.0,408.0,408.0,5.3,0.0,0.0,0.0,0.0,1.9,24.5,9.6,9.6
2026-03-23_04:05:41,60.1,60.1,60.1,60.1,60.1,60.1,60.1,408.0,408.0,408.0,408.0,6.2,0.0,0.0,0.0,3.8,1.9,21.6,9.4,11.3
2026-03-23_04:05:41,60.1,60.1,60.1,60.1,60.1,60.1,60.1,408.0,408.0,408.0,408.0,6.3,3.8,1.9,2.0,0.0,0.0,25.0,9.6,11.3
2026-03-23_04:05:42,60.1,60.1,60.1,60.1,60.1,60.1,60.1,408.0,408.0,408.0,408.0,5.8,2.0,0.0,0.0,0.0,2.0,19.2,9.4,9.4
2026-03-23_04:05:42,60.1,60.1,60.1,60.1,60.1,60.1,60.1,408.0,408.0,408.0,408.0,6.0,5.6,0.0,0.0,1.9,25.0,0.0,7.7,9.6
2026-03-23_04:05:43,60.1,60.1,60.1,60.1,60.1,60.1,60.1,408.0,408.0,408.0,408.0,7.2,3.8,0.0,0.0,1.9,32.1,0.0,9.6,9.4
2026-03-23_04:05:43,60.1,60.1,60.1,60.1,60.1,60.1,60.1,408.0,408.0,408.0,408.0,5.8,0.0,0.0,0.0,3.8,23.5,0.0,9.4,9.6
2026-03-23_04:05:44,60.1,60.1,59.2,60.1,60.1,60.1,60.1,408.0,408.0,408.0,408.0,6.9,1.9,1.9,3.8,1.9,23.1,1.9,11.3,11.3
2026-03-23_04:05:44,60.1,60.1,60.1,59.2,60.1,60.1,60.1,408.0,408.0,408.0,408.0,6.3,0.0,0.0,0.0,3.8,26.9,1.9,7.8,8.0
2026-03-23_04:05:45,60.1,60.1,60.1,59.2,60.1,60.1,60.1,408.0,408.0,408.0,408.0,5.6,3.8,0.0,0.0,1.9,23.5,0.0,9.4,9.6
2026-03-23_04:05:45,59.2,60.1,59.2,60.1,60.1,60.1,60.1,408.0,408.0,408.0,408.0,6.7,1.9,0.0,0.0,3.8,24.5,0.0,11.1,11.3
2026-03-23_04:05:46,59.2,60.1,59.2,60.1,60.1,60.1,60.1,408.0,408.0,408.0,408.0,5.5,1.9,1.9,0.0,1.9,23.5,0.0,7.8,9.6
2026-03-23_04:05:46,60.1,60.1,59.2,60.1,60.1,60.1,60.1,408.0,408.0,408.0,408.0,7.5,0.0,1.9,0.0,0.0,34.0,1.9,7.7,11.3
2026-03-23_04:05:47,59.2,59.2,59.2,59.2,60.1,60.1,59.2,408.0,408.0,408.0,408.0,7.0,2.0,0.0,11.5,0.0,21.2,3.9,14.8,0.0
2026-03-23_04:05:47,59.2,60.1,59.2,59.2,60.1,60.1,60.1,408.0,408.0,408.0,408.0,6.5,1.9,0.0,9.8,1.9,0.0,26.4,11.5,1.9
2026-03-23_04:05:48,59.2,60.1,59.2,59.2,60.1,60.1,59.2,408.0,408.0,408.0,408.0,6.2,3.8,0.0,0.0,1.9,0.0,23.1,7.7,11.5
2026-03-23_04:05:49,59.2,59.2,59.2,59.2,60.1,59.2,60.1,408.0,408.0,408.0,408.0,6.7,1.9,0.0,1.9,0.0,1.9,25.0,9.6,7.7
2026-03-23_04:05:49,59.2,59.2,59.2,59.2,60.1,60.1,60.1,408.0,408.0,408.0,408.0,6.7,2.0,1.9,0.0,5.7,0.0,25.5,9.6,9.6
2026-03-23_04:05:50,59.2,60.1,59.2,59.2,60.1,60.1,60.1,408.0,408.0,408.0,408.0,6.2,1.9,0.0,1.9,0.0,0.0,25.0,9.4,9.6
2026-03-23_04:05:50,59.2,59.2,59.2,59.2,60.1,59.2,59.2,408.0,408.0,408.0,408.0,7.4,5.6,1.9,0.0,1.9,1.9,32.1,9.4,9.6
2026-03-23_04:05:51,59.2,59.2,59.2,59.2,59.2,59.2,59.2,408.0,408.0,408.0,408.0,6.0,5.7,0.0,1.9,0.0,0.0,23.1,11.3,9.6
2026-03-23_04:05:51,59.2,59.2,59.2,59.2,60.1,59.2,60.1,408.0,408.0,408.0,408.0,5.8,5.7,1.9,0.0,3.8,1.9,23.1,7.7,9.6
2026-03-23_04:05:52,59.2,59.2,59.2,59.2,59.2,59.2,59.2,408.0,408.0,408.0,408.0,6.7,3.8,0.0,0.0,0.0,0.0,23.1,7.8,9.6
2026-03-23_04:05:52,59.2,59.2,59.2,59.2,59.2,59.2,59.2,408.0,408.0,408.0,408.0,6.0,2.0,0.0,0.0,1.9,0.0,23.1,11.1,9.6
2026-03-23_04:05:53,59.2,59.2,59.2,59.2,59.2,59.2,59.2,408.0,408.0,408.0,408.0,6.5,2.0,3.7,1.9,0.0,0.0,24.5,9.6,11.5
2026-03-23_04:05:53,59.2,59.2,59.2,59.2,59.2,59.2,59.2,408.0,408.0,408.0,408.0,6.9,3.8,3.8,0.0,1.9,0.0,25.0,9.6,9.4
2026-03-23_04:05:54,59.2,59.2,59.2,59.2,60.1,59.2,59.2,408.0,408.0,408.0,408.0,6.5,2.0,0.0,1.9,1.9,1.9,32.7,7.7,9.6
2026-03-23_04:05:54,59.2,59.2,59.2,59.2,59.2,59.2,59.2,408.0,408.0,408.0,408.0,6.7,1.9,1.9,1.9,1.9,0.0,23.1,9.4,7.8
2026-03-23_04:05:55,59.2,59.2,59.2,59.2,59.2,59.2,59.2,408.0,408.0,408.0,408.0,5.1,0.0,0.0,0.0,1.9,0.0,21.2,7.7,7.7
2026-03-23_04:05:55,59.2,59.2,59.2,59.2,59.2,59.2,59.2,408.0,408.0,408.0,408.0,6.2,1.9,0.0,0.0,3.7,0.0,26.4,7.7,13.0
2026-03-23_04:05:56,59.2,59.2,59.2,58.2,59.2,59.2,59.2,408.0,408.0,408.0,408.0,5.8,1.9,0.0,1.9,1.9,0.0,25.0,7.7,7.7
2026-03-23_04:05:56,59.2,59.2,59.2,59.2,59.2,59.2,59.2,408.0,408.0,408.0,408.0,6.0,3.8,1.9,0.0,0.0,1.9,25.0,7.7,7.8
2026-03-23_04:05:57,59.2,59.2,59.2,59.2,59.2,59.2,59.2,408.0,408.0,408.0,408.0,6.2,1.9,1.9,0.0,1.9,1.9,23.1,9.4,9.6
2026-03-23_04:05:57,59.2,59.2,59.2,59.2,59.2,59.2,59.2,408.0,408.0,408.0,408.0,6.0,3.8,0.0,1.9,0.0,3.8,17.3,7.7,9.6
2026-03-23_04:05:58,59.2,59.2,59.2,59.2,59.2,59.2,59.2,408.0,408.0,408.0,408.0,6.9,1.9,0.0,1.9,0.0,30.2,1.9,9.4,9.3
2026-03-23_04:05:58,59.2,59.2,59.2,59.2,59.2,59.2,59.2,408.0,408.0,408.0,408.0,5.6,0.0,1.9,0.0,1.9,25.5,0.0,7.7,7.8
2026-03-23_04:05:59,59.2,59.2,59.2,59.2,59.2,59.2,59.2,408.0,408.0,408.0,408.0,5.8,3.8,0.0,0.0,1.9,23.1,1.9,7.7,9.4
2026-03-23_04:06:00,59.2,59.2,59.2,59.2,59.2,59.2,59.2,408.0,408.0,408.0,408.0,6.0,1.9,0.0,1.9,0.0,25.0,0.0,7.7,13.0
2026-03-23_04:06:00,59.2,59.2,58.2,59.2,59.2,59.2,59.2,408.0,408.0,408.0,408.0,5.6,0.0,0.0,0.0,3.8,23.1,1.9,7.7,7.7
2026-03-23_04:06:01,58.2,59.2,58.2,58.2,59.2,59.2,59.2,408.0,408.0,408.0,408.0,6.7,0.0,5.6,0.0,0.0,25.5,0.0,7.7,11.3
2026-03-23_04:06:01,59.2,59.2,59.2,59.2,59.2,59.2,59.2,408.0,408.0,408.0,408.0,5.8,0.0,1.9,1.9,0.0,26.4,0.0,7.7,7.8
2026-03-23_04:06:02,59.2,58.2,58.2,58.2,59.2,59.2,59.2,408.0,408.0,408.0,408.0,6.5,0.0,0.0,0.0,1.9,32.7,0.0,7.5,9.4
2026-03-23_04:06:02,59.2,58.2,58.2,58.2,59.2,59.2,59.2,408.0,408.0,408.0,408.0,6.0,1.9,1.9,1.9,0.0,21.6,1.9,9.6,9.6
2026-03-23_04:06:03,58.2,59.2,58.2,58.2,59.2,59.2,59.2,408.0,408.0,408.0,408.0,7.0,18.5,3.8,0.0,1.9,21.6,2.0,0.0,11.3
2026-03-23_04:06:03,58.2,58.2,58.2,58.2,59.2,59.2,59.2,408.0,408.0,408.0,408.0,6.0,1.9,0.0,0.0,1.9,25.0,11.3,0.0,7.7
2026-03-23_04:06:04,58.2,59.2,58.2,58.2,59.2,58.2,59.2,408.0,408.0,408.0,408.0,6.0,1.9,1.9,0.0,1.9,23.1,9.4,0.0,9.6
2026-03-23_04:06:04,59.2,59.2,58.2,58.2,58.2,59.2,58.2,408.0,408.0,408.0,408.0,6.0,0.0,0.0,1.9,1.9,25.0,7.7,0.0,9.6
2026-03-23_04:06:05,58.2,58.2,58.2,58.2,59.2,58.2,59.2,408.0,408.0,408.0,408.0,5.5,3.8,0.0,0.0,1.9,23.1,5.8,0.0,9.4
2026-03-23_04:06:05,58.2,58.2,58.2,58.2,59.2,58.2,59.2,408.0,408.0,408.0,408.0,7.2,0.0,1.9,3.8,0.0,32.7,7.7,0.0,7.8
2026-03-23_04:06:06,58.2,58.2,58.2,58.2,59.2,58.2,59.2,408.0,408.0,408.0,408.0,5.5,1.9,0.0,0.0,3.7,23.1,11.3,0.0,9.4
2026-03-23_04:06:06,58.2,58.2,58.2,58.2,58.2,58.2,58.2,408.0,408.0,408.0,408.0,6.0,0.0,0.0,0.0,0.0,26.4,3.8,7.5,9.6
2026-03-23_04:06:07,58.2,58.2,58.2,58.2,59.2,58.2,59.2,408.0,408.0,408.0,408.0,5.5,3.8,0.0,0.0,1.9,21.6,0.0,5.9,9.4
2026-03-23_04:06:07,58.2,58.2,58.2,58.2,58.2,59.2,58.2,408.0,408.0,408.0,408.0,5.5,1.9,0.0,0.0,1.9,25.0,0.0,7.7,7.8
2026-03-23_04:06:08,58.2,58.2,58.2,58.2,58.2,58.2,58.2,408.0,408.0,408.0,408.0,6.2,0.0,1.9,3.8,1.9,26.4,0.0,7.5,9.4
2026-03-23_04:06:08,58.2,58.2,58.2,58.2,58.2,58.2,58.2,408.0,408.0,408.0,408.0,5.1,0.0,0.0,0.0,1.9,19.6,0.0,7.7,9.4
2026-03-23_04:06:09,58.2,58.2,58.2,58.2,59.2,58.2,58.2,408.0,408.0,408.0,408.0,7.7,2.0,0.0,1.9,2.0,34.6,0.0,7.8,9.6
2026-03-23_04:06:09,58.2,58.2,58.2,58.2,58.2,58.2,58.2,408.0,408.0,408.0,408.0,6.0,2.0,0.0,1.9,0.0,25.0,0.0,9.4,11.3
2026-03-23_04:06:10,58.2,58.2,58.2,58.2,58.2,58.2,58.2,408.0,408.0,408.0,408.0,5.3,0.0,1.9,1.9,1.9,23.1,0.0,7.7,7.7
2026-03-23_04:06:11,58.2,58.2,58.2,58.2,58.2,58.2,58.2,408.0,408.0,408.0,408.0,6.7,7.4,3.8,0.0,1.9,26.4,0.0,7.5,7.8
2026-03-23_04:06:11,58.2,58.2,58.2,58.2,58.2,58.2,58.2,408.0,408.0,408.0,408.0,5.5,0.0,0.0,0.0,1.9,23.5,1.9,7.7,9.4
2026-03-23_04:06:12,58.2,58.2,58.2,58.2,58.2,58.2,58.2,408.0,408.0,408.0,408.0,6.0,1.9,1.9,0.0,0.0,24.5,0.0,9.4,9.6
2026-03-23_04:06:12,58.2,58.2,58.2,58.2,58.2,58.2,58.2,408.0,408.0,408.0,408.0,5.5,2.0,0.0,0.0,0.0,23.1,1.9,9.4,9.4
2026-03-23_04:06:13,58.2,58.2,58.2,58.2,58.2,58.2,58.2,408.0,408.0,408.0,408.0,7.4,3.8,1.9,0.0,0.0,32.7,0.0,7.7,9.4
2026-03-23_04:06:13,58.2,58.2,58.2,58.2,58.2,58.2,58.2,408.0,408.0,408.0,408.0,5.3,3.8,0.0,1.9,0.0,23.1,7.7,0.0,9.6
2026-03-23_04:06:14,58.2,58.2,57.3,58.2,58.2,58.2,58.2,408.0,408.0,408.0,408.0,6.7,1.9,3.8,0.0,3.8,23.5,11.3,0.0,11.3
2026-03-23_04:06:14,58.2,58.2,58.2,58.2,58.2,58.2,58.2,408.0,408.0,408.0,408.0,7.0,1.9,1.9,11.8,1.9,26.4,11.5,0.0,0.0
2026-03-23_04:06:15,58.2,58.2,58.2,58.2,58.2,58.2,58.2,408.0,408.0,408.0,408.0,5.8,0.0,1.9,11.3,0.0,21.6,7.7,0.0,0.0
2026-03-23_04:06:15,58.2,58.2,58.2,58.2,58.2,58.2,58.2,408.0,408.0,408.0,408.0,5.5,1.9,3.7,9.8,0.0,24.5,7.5,0.0,0.0
2026-03-23_04:06:16,58.2,58.2,58.2,58.2,58.2,58.2,58.2,408.0,408.0,408.0,408.0,6.7,0.0,1.9,13.2,0.0,23.1,0.0,13.2,0.0
2026-03-23_04:06:16,58.2,58.2,58.2,58.2,58.2,58.2,58.2,408.0,408.0,408.0,408.0,6.3,1.9,0.0,9.8,3.8,23.1,1.9,9.8,0.0
2026-03-23_04:06:17,58.2,58.2,58.2,58.2,58.2,58.2,58.2,408.0,408.0,408.0,408.0,7.9,2.0,0.0,11.5,3.8,34.0,0.0,11.5,0.0
2026-03-23_04:06:17,58.2,58.2,58.2,58.2,58.2,58.2,58.2,408.0,408.0,408.0,408.0,6.2,0.0,1.9,0.0,9.8,21.6,1.9,9.8,0.0
2026-03-23_04:06:18,58.2,58.2,57.3,57.3,58.2,58.2,58.2,408.0,408.0,408.0,408.0,6.0,1.9,1.9,0.0,9.6,25.0,0.0,13.0,0.0
2026-03-23_04:06:18,58.2,58.2,58.2,57.3,58.2,58.2,58.2,408.0,408.0,408.0,408.0,6.7,1.9,0.0,0.0,9.6,21.6,1.9,13.5,1.9
2026-03-23_04:06:19,57.3,58.2,57.3,57.3,58.2,58.2,58.2,408.0,408.0,408.0,408.0,7.2,5.7,1.9,1.9,13.2,23.1,2.0,11.5,0.0
2026-03-23_04:06:19,58.2,57.3,57.3,58.2,58.2,58.2,58.2,408.0,408.0,408.0,408.0,5.8,1.9,0.0,0.0,0.0,28.3,3.8,11.3,0.0
2026-03-23_04:06:20,57.3,57.3,57.3,57.3,58.2,57.3,58.2,408.0,408.0,408.0,408.0,4.9,0.0,1.9,0.0,0.0,21.6,5.7,9.8,0.0
2026-03-23_04:06:20,58.2,57.3,57.3,58.2,58.2,58.2,58.2,408.0,408.0,408.0,408.0,6.5,0.0,0.0,1.9,0.0,28.8,5.7,11.3,1.9
2026-03-23_04:06:21,57.3,57.3,57.3,57.3,58.2,58.2,58.2,408.0,408.0,408.0,408.0,5.5,3.8,0.0,0.0,0.0,24.5,3.8,11.5,1.9
2026-03-23_04:06:22,58.2,57.3,57.3,57.3,58.2,58.2,58.2,408.0,408.0,408.0,408.0,5.8,1.9,1.9,0.0,3.8,24.5,3.9,11.5,0.0
2026-03-23_04:06:22,58.2,57.3,57.3,57.3,58.2,57.3,58.2,408.0,408.0,408.0,408.0,5.8,0.0,1.9,1.9,0.0,23.1,3.8,13.2,0.0
2026-03-23_04:06:23,57.3,57.3,57.3,57.3,58.2,58.2,58.2,408.0,408.0,408.0,408.0,5.5,0.0,0.0,0.0,0.0,26.4,3.8,11.5,0.0
2026-03-23_04:06:23,57.3,58.2,57.3,57.3,58.2,57.3,58.2,408.0,408.0,408.0,408.0,5.5,5.6,0.0,0.0,0.0,21.6,3.8,11.5,0.0
2026-03-23_04:06:24,57.3,57.3,57.3,57.3,58.2,58.2,58.2,408.0,408.0,408.0,408.0,5.5,0.0,0.0,1.9,0.0,25.0,5.7,11.5,1.9
2026-03-23_04:06:24,57.3,57.3,57.3,57.3,57.3,58.2,57.3,408.0,408.0,408.0,408.0,6.9,1.9,3.7,0.0,1.9,32.1,3.8,1.9,11.3
2026-03-23_04:06:25,57.3,57.3,57.3,57.3,58.2,57.3,58.2,408.0,408.0,408.0,408.0,6.7,3.8,0.0,0.0,11.3,25.0,0.0,0.0,11.5
2026-03-23_04:06:25,57.3,57.3,57.3,57.3,57.3,57.3,57.3,408.0,408.0,408.0,408.0,5.8,0.0,9.6,1.9,0.0,25.5,0.0,1.9,11.3
2026-03-23_04:06:26,57.3,57.3,57.3,57.3,58.2,57.3,57.3,408.0,408.0,408.0,408.0,6.0,2.0,11.3,0.0,0.0,23.1,0.0,0.0,13.2
2026-03-23_04:06:26,57.3,57.3,57.3,57.3,57.3,57.3,57.3,408.0,408.0,408.0,408.0,6.5,2.0,9.8,0.0,1.9,24.5,1.9,0.0,11.5
2026-03-23_04:06:27,57.3,57.3,57.3,57.3,57.3,57.3,57.3,408.0,408.0,408.0,408.0,6.7,1.9,11.3,0.0,3.7,25.5,0.0,0.0,9.8
2026-03-23_04:06:27,57.3,57.3,57.3,57.3,57.3,57.3,57.3,408.0,408.0,408.0,408.0,5.8,1.9,1.9,1.9,0.0,25.0,3.8,0.0,11.3
2026-03-23_04:06:28,57.3,57.3,57.3,57.3,57.3,57.3,57.3,408.0,408.0,408.0,408.0,6.7,1.9,0.0,1.9,0.0,35.8,0.0,7.7,7.7
2026-03-23_04:06:28,57.3,57.3,57.3,57.3,58.2,57.3,57.3,408.0,408.0,408.0,408.0,6.2,1.9,0.0,0.0,0.0,25.0,0.0,9.6,7.5
2026-03-23_04:06:29,57.3,57.3,57.3,57.3,57.3,57.3,57.3,408.0,408.0,408.0,408.0,6.7,5.7,0.0,1.9,1.9,25.0,1.9,9.6,5.9
2026-03-23_04:06:29,57.3,57.3,56.4,57.3,57.3,57.3,57.3,408.0,408.0,408.0,408.0,5.5,3.8,0.0,0.0,1.9,25.0,0.0,9.4,7.7
2026-03-23_04:06:30,57.3,57.3,57.3,57.3,57.3,57.3,57.3,408.0,408.0,408.0,408.0,5.8,2.0,0.0,0.0,0.0,25.0,1.9,7.8,7.7
2026-03-23_04:06:30,57.3,57.3,57.3,57.3,57.3,57.3,57.3,408.0,408.0,408.0,408.0,6.5,3.7,0.0,0.0,0.0,26.4,1.9,9.4,11.3
2026-03-23_04:06:31,57.3,57.3,57.3,57.3,57.3,57.3,57.3,408.0,408.0,408.0,408.0,5.8,2.0,0.0,0.0,1.9,23.1,1.9,7.8,7.7
2026-03-23_04:06:31,57.3,57.3,57.3,57.3,57.3,57.3,57.3,408.0,408.0,408.0,408.0,5.8,1.9,3.8,0.0,1.9,26.4,0.0,7.7,7.5
2026-03-23_04:06:32,57.3,57.3,57.3,57.3,57.3,57.3,57.3,408.0,408.0,408.0,408.0,6.3,0.0,1.9,0.0,0.0,28.8,0.0,9.6,7.7
2026-03-23_04:06:33,57.3,57.3,57.3,57.3,57.3,57.3,57.3,408.0,408.0,408.0,408.0,5.8,3.8,0.0,0.0,0.0,23.5,0.0,9.6,9.4
2026-03-23_04:06:33,57.3,57.3,56.4,57.3,57.3,57.3,57.3,408.0,408.0,408.0,408.0,6.3,1.9,1.9,1.9,0.0,25.0,0.0,9.8,9.6
2026-03-23_04:06:34,57.3,57.3,57.3,57.3,57.3,57.3,57.3,408.0,408.0,408.0,408.0,6.0,0.0,1.9,0.0,0.0,23.1,1.9,9.6,9.4
2026-03-23_04:06:34,57.3,57.3,57.3,57.3,57.3,57.3,57.3,408.0,408.0,408.0,408.0,6.2,1.9,0.0,0.0,0.0,26.4,3.7,11.1,7.7
2026-03-23_04:06:35,57.3,57.3,57.3,56.4,57.3,57.3,57.3,408.0,408.0,408.0,408.0,5.5,1.9,0.0,0.0,1.9,23.1,0.0,7.8,9.4
2026-03-23_04:06:35,57.3,57.3,57.3,57.3,57.3,57.3,57.3,408.0,408.0,408.0,408.0,7.4,7.3,1.9,0.0,1.9,34.6,1.9,7.7,7.7
2026-03-23_04:06:36,56.4,57.3,57.3,56.4,57.3,57.3,57.3,408.0,408.0,408.0,408.0,6.0,3.8,0.0,0.0,0.0,25.0,1.9,7.7,7.5
2026-03-23_04:06:36,57.3,57.3,56.4,57.3,57.3,57.3,57.3,408.0,408.0,408.0,408.0,5.8,1.9,0.0,1.9,1.9,25.0,1.9,9.6,7.7
2026-03-23_04:06:37,57.3,57.3,57.3,56.4,57.3,57.3,56.4,408.0,408.0,408.0,408.0,5.1,0.0,0.0,0.0,0.0,23.1,0.0,7.7,7.7
2026-03-23_04:06:37,57.3,57.3,58.2,57.3,58.2,57.3,58.2,672.0,1200.0,408.0,408.0,8.9,3.8,0.0,0.0,3.8,22.6,9.8,17.0,13.7
2026-03-23_04:06:38,58.2,58.2,58.2,58.2,58.2,58.2,58.2,872.0,1200.0,408.0,1008.0,13.0,3.8,0.0,0.0,2.0,0.0,49.1,24.0,23.1
